"molecule"	"famille"
"abciximab (c 7e3b fab)"	"antiagrégants plaquettaires"
"acebutolol"	"antihypertenseurs sauf alpha-bloquants"
"acebutolol"	"bradycardisants"
"acebutolol"	"bêta-bloquants (sauf esmolol et sotalol)"
"acebutolol"	"bêta-bloquants (sauf esmolol)"
"acebutolol"	"médicaments abaissant la pression artérielle"
"aceclofenac"	"anti-inflammatoires non stéroïdiens"
"aceclofenac"	"hyperkaliémiants"
"acenocoumarol"	"anticoagulants oraux"
"acenocoumarol"	"antivitamines K"
"acepromazine"	"hypnotiques"
"acepromazine"	"médicaments abaissant le seuil épileptogène"
"acepromazine"	"médicaments atropiniques"
"acepromazine"	"médicaments sédatifs"
"acepromazine"	"médicaments à l'origine d'une hypotension orthostatique"
"acepromazine"	"neuroleptiques"
"aceprometazine"	"hypnotiques"
"aceprometazine"	"médicaments abaissant le seuil épileptogène"
"aceprometazine"	"médicaments atropiniques"
"aceprometazine"	"médicaments sédatifs"
"aceprometazine"	"médicaments à l'origine d'une hypotension orthostatique"
"aceprometazine"	"neuroleptiques"
"acetazolamide"	"alcalinisants urinaires"
"acetylsulfafurazol"	"sulfamides antibactériens"
"aciclovir"	"médicaments néphrotoxiques"
"acide acetylsalicylique"	"antiagrégants plaquettaires"
"acide alendronique"	"bisphosphonates"
"acide amidotrizoïque"	"médicaments néphrotoxiques"
"acide amidotrizoïque"	"produits de contraste iodés"
"acide chenodesoxycholique"	"acides biliaires"
"acide clodronique"	"bisphosphonates"
"acide clodronique"	"médicaments néphrotoxiques"
"acide etidronique"	"bisphosphonates"
"acide folinique"	"folates"
"acide folique"	"folates"
"acide ibandronique"	"bisphosphonates"
"acide ioxaglique"	"médicaments néphrotoxiques"
"acide ioxaglique"	"produits de contraste iodés"
"acide ioxitalamique"	"médicaments néphrotoxiques"
"acide ioxitalamique"	"produits de contraste iodés"
"acide medronique"	"bisphosphonates"
"acide mefenamique"	"anti-inflammatoires non stéroïdiens"
"acide mefenamique"	"hyperkaliémiants"
"acide niflumique"	"anti-inflammatoires non stéroïdiens"
"acide niflumique"	"hyperkaliémiants"
"acide oxidronique"	"bisphosphonates"
"acide pamidronique"	"bisphosphonates"
"acide risedronique"	"bisphosphonates"
"acide tiaprofenique"	"anti-inflammatoires non stéroïdiens"
"acide tiaprofenique"	"hyperkaliémiants"
"acide tiludronique"	"bisphosphonates"
"acide ursodesoxycholique"	"acides biliaires"
"acide valproique"	"anticonvulsivants métabolisés"
"acide valproique"	"valproïque (acide) et, par extrapolation, valpromide"
"acide zoledronique"	"bisphosphonates"
"acitretine"	"rétinoïdes"
"adalimumab"	"anti-TNF alpha"
"adefovir"	"médicaments néphrotoxiques"
"adrenaline"	"adrénaline (voie bucco-dentaire ou sous-cutanée)"
"adrenaline"	"sympathomimétiques alpha et bêta (voie IM et IV)"
"agomelatine"	"médicaments sédatifs"
"alcuronium"	"curares"
"alcuronium"	"curares non dépolarisants"
"alfacalcidol"	"vitamine D"
"alfentanil"	"analgésiques morphiniques agonistes"
"alfentanil"	"analgésiques morphiniques de palier III"
"alfentanil"	"morphiniques"
"alfentanil"	"médicaments sédatifs"
"alfentanil"	"substrats à risque du CYP3A4"
"alfuzosine"	"alphabloquants à visée urologique"
"alfuzosine"	"médicaments à l'origine d'une hypotension orthostatique"
"alimemazine"	"hypnotiques"
"alimemazine"	"médicaments abaissant le seuil épileptogène"
"alimemazine"	"médicaments atropiniques"
"alimemazine"	"médicaments sédatifs"
"alimemazine"	"médicaments à l'origine d'une hypotension orthostatique"
"alimemazine"	"neuroleptiques"
"aliskiren"	"antihypertenseurs sauf alpha-bloquants"
"aliskiren"	"médicaments abaissant la pression artérielle"
"alitretinoine"	"rétinoïdes"
"alizapride"	"médicaments sédatifs"
"alizapride"	"médicaments à l'origine d'une hypotension orthostatique"
"alizapride"	"neuroleptiques"
"alizapride"	"neuroleptiques antiémétiques"
"allobarbital"	"barbituriques"
"allobarbital"	"médicaments sédatifs"
"allopurinol"	"inhibiteurs de la xanthine oxydase"
"alminoprofene"	"anti-inflammatoires non stéroïdiens"
"alminoprofene"	"hyperkaliémiants"
"almotriptan"	"triptans"
"almotriptan"	"triptans métabolisés par la MAO"
"alpha-pinene"	"médicaments abaissant le seuil épileptogène"
"alprazolam"	"benzodiazépines et apparentés"
"alprazolam"	"médicaments sédatifs"
"alteplase recombinante"	"thrombolytiques"
"altizide"	"antihypertenseurs sauf alpha-bloquants"
"altizide"	"diurétiques"
"altizide"	"diurétiques hypokaliémiants"
"altizide"	"diurétiques thiazidiques et apparentés"
"altizide"	"hypokaliémiants"
"altizide"	"hyponatrémiants"
"altizide"	"médicaments abaissant la pression artérielle"
"altretamine"	"cytotoxiques"
"amantadine"	"antiparkinsoniens dopaminergiques"
"amantadine"	"dopaminergiques"
"amantadine"	"médicaments sédatifs"
"amantadine"	"médicaments à l'origine d'une hypotension orthostatique"
"ambenonium"	"anticholinestérasiques"
"ambenonium"	"bradycardisants"
"amifostine"	"médicaments à l'origine d'une hypotension orthostatique"
"amikacine"	"aminosides"
"amikacine"	"médicaments néphrotoxiques"
"amikacine"	"médicaments ototoxiques"
"amiloride"	"antihypertenseurs sauf alpha-bloquants"
"amiloride"	"diurétiques"
"amiloride"	"diurétiques épargneurs de potassium (seuls ou associés)"
"amiloride"	"hyperkaliémiants"
"amiloride"	"hyponatrémiants"
"amiloride"	"médicaments abaissant la pression artérielle"
"aminophylline"	"théophylline (et, par extrapolation, aminophylline)"
"amiodarone"	"antiarythmiques"
"amiodarone"	"bradycardisants"
"amiodarone"	"médicaments susceptibles de donner des torsades de pointes"
"amiodarone"	"torsadogènes (sauf antiparasitaires, neuroleptiques, méthadone)"
"amisulpride"	"médicaments susceptibles de donner des torsades de pointes"
"amisulpride"	"médicaments sédatifs"
"amisulpride"	"neuroleptiques"
"amisulpride"	"neuroleptiques antipsychotiques (sauf clozapine)"
"amisulpride"	"neuroleptiques susceptibles de donner des torsades de pointes"
"amitriptyline"	"antidépresseurs imipraminiques"
"amitriptyline"	"médicaments abaissant le seuil épileptogène"
"amitriptyline"	"médicaments atropiniques"
"amitriptyline"	"médicaments mixtes adrénergiques-sérotoninergiques"
"amitriptyline"	"médicaments sédatifs"
"amitriptyline"	"médicaments à l'origine d'un syndrome sérotoninergique"
"amitriptyline"	"médicaments à l'origine d'une hypotension orthostatique"
"amlodipine"	"antagonistes des canaux calciques"
"amlodipine"	"antihypertenseurs sauf alpha-bloquants"
"amlodipine"	"dihydropyridines"
"amlodipine"	"médicaments abaissant la pression artérielle"
"amobarbital"	"barbituriques"
"amobarbital"	"médicaments sédatifs"
"amoxapine"	"antidépresseurs imipraminiques"
"amoxapine"	"médicaments abaissant le seuil épileptogène"
"amoxapine"	"médicaments atropiniques"
"amoxapine"	"médicaments à l'origine d'une hypotension orthostatique"
"amoxicilline"	"pénicillines"
"amoxicilline"	"pénicillines A"
"amphotericine b"	"hypokaliémiants"
"amphotericine b"	"médicaments néphrotoxiques"
"ampicilline"	"pénicillines"
"ampicilline"	"pénicillines A"
"amprenavir"	"amprénavir (et, par extrapolation, fosamprénavir)"
"amprenavir"	"inhibiteurs de protéases boostés par ritonavir"
"amsacrine"	"cytotoxiques"
"androstanolone"	"androgènes"
"apixaban"	"anticoagulants oraux"
"apomorphine"	"antiparkinsoniens dopaminergiques"
"apomorphine"	"dopaminergiques"
"apomorphine"	"médicaments sédatifs"
"apomorphine"	"médicaments à l'origine d'une hypotension orthostatique"
"argatroban"	"anticoagulants oraux"
"aripiprazole"	"médicaments sédatifs"
"aripiprazole"	"médicaments à l'origine d'une hypotension orthostatique"
"aripiprazole"	"neuroleptiques"
"aripiprazole"	"neuroleptiques antipsychotiques (sauf clozapine)"
"arsenieux"	"médicaments susceptibles de donner des torsades de pointes"
"arsenieux"	"torsadogènes (sauf antiparasitaires, neuroleptiques, méthadone)"
"arténimol"	"médicaments susceptibles de donner des torsades de pointes"
"asenapine"	"médicaments à l'origine d'une hypotension orthostatique"
"asenapine"	"neuroleptiques"
"asenapine"	"neuroleptiques antipsychotiques (sauf clozapine)"
"asparaginase"	"cytotoxiques"
"atazanavir"	"inhibiteurs de protéases boostés par ritonavir"
"atenolol"	"antihypertenseurs sauf alpha-bloquants"
"atenolol"	"bradycardisants"
"atenolol"	"bêta-bloquants (sauf esmolol et sotalol)"
"atenolol"	"bêta-bloquants (sauf esmolol)"
"atenolol"	"médicaments abaissant la pression artérielle"
"atomoxetine"	"médicaments mixtes adrénergiques-sérotoninergiques"
"atomoxetine"	"médicaments à l'origine d'un syndrome sérotoninergique"
"atorvastatine"	"inhibiteurs de l'HMG-CoA réductase (statines)"
"atorvastatine"	"substrats à risque du CYP3A4"
"atracurium"	"curares"
"atracurium"	"curares non dépolarisants"
"atropine"	"médicaments atropiniques"
"avanafil"	"inhibiteurs de la phosphodiesterase de type 5"
"avanafil"	"médicaments à l'origine d'une hypotension orthostatique"
"avanafil"	"substrats à risque du CYP3A4"
"avizafone"	"benzodiazépines et apparentés"
"avizafone"	"médicaments sédatifs"
"axitinib"	"inhibiteurs des tyrosine kinases"
"azacitidine"	"cytotoxiques"
"azatadine"	"médicaments atropiniques"
"azatadine"	"médicaments sédatifs"
"azathioprine"	"cytotoxiques"
"azelastine"	"médicaments atropiniques"
"azelastine"	"médicaments sédatifs"
"azilsartan"	"antagonistes des récepteurs de l'angiotensine II"
"azilsartan"	"antihypertenseurs sauf alpha-bloquants"
"azilsartan"	"hyperkaliémiants"
"azilsartan"	"médicaments abaissant la pression artérielle"
"azithromycine"	"macrolides (sauf spiramycine)"
"bacampicilline"	"pénicillines"
"bacampicilline"	"pénicillines A"
"baclofene"	"médicaments sédatifs"
"baclofene"	"médicaments à l'origine d'une hypotension orthostatique"
"bambuterol"	"bêta-2 mimétiques"
"barbital"	"barbituriques"
"barbital"	"médicaments sédatifs"
"barnidipine"	"antagonistes des canaux calciques"
"barnidipine"	"antihypertenseurs sauf alpha-bloquants"
"barnidipine"	"dihydropyridines"
"barnidipine"	"médicaments abaissant la pression artérielle"
"bcg"	"vaccins vivants atténués"
"befunolol"	"antihypertenseurs sauf alpha-bloquants"
"befunolol"	"bradycardisants"
"befunolol"	"bêta-bloquants (sauf esmolol et sotalol)"
"befunolol"	"bêta-bloquants (sauf esmolol)"
"befunolol"	"médicaments abaissant la pression artérielle"
"benazepril"	"antihypertenseurs sauf alpha-bloquants"
"benazepril"	"hyperkaliémiants"
"benazepril"	"inhibiteurs de l'enzyme de conversion"
"benazepril"	"médicaments abaissant la pression artérielle"
"bendamustine"	"cytotoxiques"
"bendroflumethiazide"	"antihypertenseurs sauf alpha-bloquants"
"bendroflumethiazide"	"diurétiques"
"bendroflumethiazide"	"diurétiques hypokaliémiants"
"bendroflumethiazide"	"diurétiques thiazidiques et apparentés"
"bendroflumethiazide"	"hypokaliémiants"
"bendroflumethiazide"	"hyponatrémiants"
"bendroflumethiazide"	"médicaments abaissant la pression artérielle"
"benethamine-penicilline"	"pénicillines"
"benzalkonium"	"spermicides"
"benzbromarone"	"uricosuriques"
"benzylpenicilline"	"pénicillines"
"betamethasone"	"glucocorticoïdes (sauf hydrocortisone)"
"betamethasone"	"hypokaliémiants"
"beta-pinene"	"médicaments abaissant le seuil épileptogène"
"betaxolol"	"antihypertenseurs sauf alpha-bloquants"
"betaxolol"	"bradycardisants"
"betaxolol"	"bêta-bloquants (sauf esmolol et sotalol)"
"betaxolol"	"bêta-bloquants (sauf esmolol)"
"betaxolol"	"médicaments abaissant la pression artérielle"
"bezafibrate"	"fibrates"
"biperidene"	"antiparkinsoniens anticholinergiques"
"biperidene"	"médicaments atropiniques"
"bisacodyl"	"hypokaliémiants"
"bisoprolol"	"antihypertenseurs sauf alpha-bloquants"
"bisoprolol"	"bradycardisants"
"bisoprolol"	"bêta-bloquants (sauf esmolol et sotalol)"
"bisoprolol"	"bêta-bloquants (sauf esmolol)"
"bisoprolol"	"bêta-bloquants dans l'insuffisance cardiaque"
"bisoprolol"	"médicaments abaissant la pression artérielle"
"bleomycine"	"cytotoxiques"
"bleu de methylene"	"IMAO-A réversibles, y compris linezolide et bleu de méthylène"
"bleu de methylene"	"médicaments à l'origine d'un syndrome sérotoninergique"
"boceprevir"	"inhibiteurs puissants du CYP3A4"
"boldo"	"hypokaliémiants"
"bortezomib"	"cytotoxiques"
"bortezomib"	"substrats à risque du CYP3A4"
"bosutinib"	"inhibiteurs des tyrosine kinases"
"bourdaine"	"hypokaliémiants"
"bromazepam"	"benzodiazépines et apparentés"
"bromazepam"	"médicaments sédatifs"
"bromocriptine"	"alcaloïdes de l'ergot de seigle dopaminergiques"
"bromocriptine"	"antiparkinsoniens dopaminergiques"
"bromocriptine"	"dopaminergiques"
"bromocriptine"	"médicaments sédatifs"
"bromocriptine"	"médicaments à l'origine d'une hypotension orthostatique"
"brompheniramine"	"médicaments atropiniques"
"brompheniramine"	"médicaments sédatifs"
"brotizolam"	"benzodiazépines et apparentés"
"brotizolam"	"médicaments sédatifs"
"buclizine"	"médicaments atropiniques"
"buclizine"	"médicaments sédatifs"
"budesonide"	"autres corticoïdes, notamment inhalés"
"budesonide"	"glucocorticoïdes (sauf hydrocortisone)"
"bumetanide"	"antihypertenseurs sauf alpha-bloquants"
"bumetanide"	"diurétiques"
"bumetanide"	"diurétiques de l'anse"
"bumetanide"	"diurétiques hypokaliémiants"
"bumetanide"	"hypokaliémiants"
"bumetanide"	"hyponatrémiants"
"bumetanide"	"médicaments abaissant la pression artérielle"
"bumetanide"	"médicaments ototoxiques"
"buprenorphine"	"morphiniques"
"buprenorphine"	"morphiniques agonistes-antagonistes"
"buprenorphine"	"morphiniques en traitement de substitution"
"buprenorphine"	"médicaments sédatifs"
"bupropion"	"médicaments abaissant le seuil épileptogène"
"bupropion"	"sympathomimétiques indirects"
"busulfan"	"cytotoxiques"
"butalbital"	"barbituriques"
"butalbital"	"médicaments sédatifs"
"butobarbital"	"barbituriques"
"butobarbital"	"médicaments sédatifs"
"cabazitaxel"	"cytotoxiques"
"cabazitaxel"	"substrats à risque du CYP3A4"
"cabergoline"	"alcaloïdes de l'ergot de seigle dopaminergiques"
"cabergoline"	"dopaminergiques"
"cabergoline"	"dopaminergiques, hors Parkinson"
"cabergoline"	"médicaments sédatifs"
"cabozantinib"	"inhibiteurs des tyrosine kinases"
"cafedrine"	"sympathomimétiques indirects"
"cajeput"	"médicaments abaissant le seuil épileptogène"
"calcitriol"	"vitamine D"
"camazepam"	"benzodiazépines et apparentés"
"camazepam"	"médicaments sédatifs"
"camphre"	"médicaments abaissant le seuil épileptogène"
"candesartan cilexetil"	"antagonistes des récepteurs de l'angiotensine II"
"candesartan cilexetil"	"antihypertenseurs sauf alpha-bloquants"
"candesartan cilexetil"	"hyperkaliémiants"
"candesartan cilexetil"	"médicaments abaissant la pression artérielle"
"canrenoate de potassium"	"antihypertenseurs sauf alpha-bloquants"
"canrenoate de potassium"	"diurétiques"
"canrenoate de potassium"	"diurétiques épargneurs de potassium (seuls ou associés)"
"canrenoate de potassium"	"hyperkaliémiants"
"canrenoate de potassium"	"hyponatrémiants"
"canrenoate de potassium"	"médicaments abaissant la pression artérielle"
"capecitabine"	"cytotoxiques"
"capecitabine"	"fluorouracile (et, par extrapolation, tegafur et capécitabine)"
"captodiame"	"médicaments sédatifs"
"captopril"	"antihypertenseurs sauf alpha-bloquants"
"captopril"	"hyperkaliémiants"
"captopril"	"inhibiteurs de l'enzyme de conversion"
"captopril"	"médicaments abaissant la pression artérielle"
"carbamazepine"	"anticonvulsivants inducteurs enzymatiques"
"carbamazepine"	"hyponatrémiants"
"carbamazepine"	"inducteurs enzymatiques"
"carbinoxamine"	"médicaments sédatifs"
"carboplatine"	"cytotoxiques"
"carboplatine"	"médicaments néphrotoxiques"
"carboplatine"	"médicaments ototoxiques"
"carboplatine"	"organoplatines"
"carbutamide"	"sulfamides hypoglycémiants"
"carmustine"	"cytotoxiques"
"carpipramine"	"neuroleptiques"
"carpipramine"	"neuroleptiques antipsychotiques (sauf clozapine)"
"carteolol"	"antihypertenseurs sauf alpha-bloquants"
"carteolol"	"bradycardisants"
"carteolol"	"bêta-bloquants (sauf esmolol et sotalol)"
"carteolol"	"bêta-bloquants (sauf esmolol)"
"carteolol"	"médicaments abaissant la pression artérielle"
"carvedilol"	"bradycardisants"
"carvedilol"	"bêta-bloquants dans l'insuffisance cardiaque"
"carvedilol"	"médicaments abaissant la pression artérielle"
"cascara"	"hypokaliémiants"
"cascara sagrada"	"hypokaliémiants"
"catioresine sulfo sodique"	"résines chélatrices"
"cefamandole"	"antabuse (réaction)"
"celecoxib"	"anti-inflammatoires non stéroïdiens"
"celecoxib"	"hyperkaliémiants"
"celiprolol"	"antihypertenseurs sauf alpha-bloquants"
"celiprolol"	"bradycardisants"
"celiprolol"	"bêta-bloquants (sauf esmolol et sotalol)"
"celiprolol"	"bêta-bloquants (sauf esmolol)"
"celiprolol"	"médicaments abaissant la pression artérielle"
"certoluzumab"	"anti-TNF alpha"
"cetalkonium"	"spermicides"
"charbon active"	"topiques gastro-intestinaux, antiacides et adsorbants"
"charbon vegetal officinal"	"topiques gastro-intestinaux, antiacides et adsorbants"
"chlorambucil"	"cytotoxiques"
"chlordiazepoxide"	"benzodiazépines et apparentés"
"chlordiazepoxide"	"médicaments sédatifs"
"chlormadinone"	"progestatifs non contraceptifs, associés ou non à un estrogène"
"chlormethine"	"cytotoxiques"
"chloroquine"	"antiparasitaires susceptibles de donner des torsades de pointes"
"chloroquine"	"médicaments abaissant le seuil épileptogène"
"chloroquine"	"médicaments susceptibles de donner des torsades de pointes"
"chlorphenamine"	"médicaments atropiniques"
"chlorphenamine"	"médicaments sédatifs"
"chlorphenoxamine"	"médicaments sédatifs"
"chlorproethazine"	"médicaments abaissant le seuil épileptogène"
"chlorproethazine"	"médicaments atropiniques"
"chlorproethazine"	"médicaments sédatifs"
"chlorproethazine"	"médicaments à l'origine d'une hypotension orthostatique"
"chlorproethazine"	"neuroleptiques"
"chlorpromazine"	"médicaments abaissant le seuil épileptogène"
"chlorpromazine"	"médicaments atropiniques"
"chlorpromazine"	"médicaments susceptibles de donner des torsades de pointes"
"chlorpromazine"	"médicaments sédatifs"
"chlorpromazine"	"médicaments à l'origine d'une hypotension orthostatique"
"chlorpromazine"	"neuroleptiques"
"chlorpromazine"	"neuroleptiques antipsychotiques (sauf clozapine)"
"chlorpromazine"	"neuroleptiques susceptibles de donner des torsades de pointes"
"chlorpropamide"	"sulfamides hypoglycémiants"
"chlortalidone"	"antihypertenseurs sauf alpha-bloquants"
"chlortalidone"	"diurétiques"
"chlortalidone"	"diurétiques hypokaliémiants"
"chlortalidone"	"diurétiques thiazidiques et apparentés"
"chlortalidone"	"hypokaliémiants"
"chlortalidone"	"hyponatrémiants"
"chlortalidone"	"médicaments abaissant la pression artérielle"
"chlortetracycline"	"cyclines"
"cholecalciferol"	"vitamine D"
"cibenzoline"	"antiarythmiques"
"cibenzoline"	"antiarythmiques classe I (sauf lidocaïne)"
"ciclesonide"	"autres corticoïdes, notamment inhalés"
"cicletanine"	"antihypertenseurs sauf alpha-bloquants"
"cicletanine"	"diurétiques"
"cicletanine"	"diurétiques hypokaliémiants"
"cicletanine"	"diurétiques thiazidiques et apparentés"
"cicletanine"	"hypokaliémiants"
"cicletanine"	"hyponatrémiants"
"cicletanine"	"médicaments abaissant la pression artérielle"
"ciclosporine"	"hyperkaliémiants"
"ciclosporine"	"immunosuppresseurs"
"ciclosporine"	"médicaments néphrotoxiques"
"ciclosporine"	"substrats à risque du CYP3A4"
"cidofovir"	"médicaments néphrotoxiques"
"cilazapril"	"antihypertenseurs sauf alpha-bloquants"
"cilazapril"	"hyperkaliémiants"
"cilazapril"	"inhibiteurs de l'enzyme de conversion"
"cilazapril"	"médicaments abaissant la pression artérielle"
"cilostazol"	"antiagrégants plaquettaires"
"cimetidine"	"antisécrétoires antihistaminiques H2"
"cineole"	"médicaments abaissant le seuil épileptogène"
"ciprofibrate"	"fibrates"
"ciprofloxacine"	"fluoroquinolones"
"cisatracurium"	"curares"
"cisatracurium"	"curares non dépolarisants"
"cisplatine"	"cytotoxiques"
"cisplatine"	"médicaments néphrotoxiques"
"cisplatine"	"médicaments ototoxiques"
"cisplatine"	"organoplatines"
"citalopram"	"hyponatrémiants"
"citalopram"	"inhibiteurs sélectifs de la recapture de la sérotonine"
"citalopram"	"médicaments abaissant le seuil épileptogène"
"citalopram"	"médicaments susceptibles de donner des torsades de pointes"
"citalopram"	"médicaments à l'origine d'un syndrome sérotoninergique"
"citalopram"	"torsadogènes (sauf antiparasitaires, neuroleptiques, méthadone)"
"citrate de gallium [67ga]"	"citrates"
"cladribine"	"cytotoxiques"
"clarithromycine"	"inhibiteurs puissants du CYP3A4"
"clarithromycine"	"macrolides (sauf spiramycine)"
"clévidipine"	"antagonistes des canaux calciques"
"clévidipine"	"antihypertenseurs sauf alpha-bloquants"
"clévidipine"	"dihydropyridines"
"clévidipine"	"médicaments abaissant la pression artérielle"
"clidinium"	"médicaments atropiniques"
"clindamycine"	"lincosanides"
"clobazam"	"benzodiazépines et apparentés"
"clobazam"	"médicaments sédatifs"
"clocinizine"	"médicaments sédatifs"
"clofarabine"	"cytotoxiques"
"clofibrate"	"fibrates"
"clomipramine"	"antidépresseurs imipraminiques"
"clomipramine"	"médicaments abaissant le seuil épileptogène"
"clomipramine"	"médicaments atropiniques"
"clomipramine"	"médicaments mixtes adrénergiques-sérotoninergiques"
"clomipramine"	"médicaments à l'origine d'un syndrome sérotoninergique"
"clomipramine"	"médicaments à l'origine d'une hypotension orthostatique"
"clonazepam"	"benzodiazépines et apparentés"
"clonazepam"	"médicaments sédatifs"
"clonidine"	"antihypertenseurs centraux"
"clonidine"	"antihypertenseurs sauf alpha-bloquants"
"clonidine"	"bradycardisants"
"clonidine"	"médicaments abaissant la pression artérielle"
"clonidine"	"médicaments sédatifs"
"clopamide"	"antihypertenseurs sauf alpha-bloquants"
"clopamide"	"diurétiques"
"clopamide"	"diurétiques hypokaliémiants"
"clopamide"	"diurétiques thiazidiques et apparentés"
"clopamide"	"hypokaliémiants"
"clopamide"	"hyponatrémiants"
"clopamide"	"médicaments abaissant la pression artérielle"
"clopidogrel"	"antiagrégants plaquettaires"
"clorazepate"	"benzodiazépines et apparentés"
"clorazepate"	"médicaments sédatifs"
"clotiazepam"	"benzodiazépines et apparentés"
"clotiazepam"	"médicaments sédatifs"
"cloxacilline"	"pénicillines"
"cloxazolam"	"benzodiazépines et apparentés"
"cloxazolam"	"médicaments sédatifs"
"clozapine"	"médicaments atropiniques"
"clozapine"	"médicaments sédatifs"
"clozapine"	"médicaments à l'origine d'une hypotension orthostatique"
"clozapine"	"médicaments à risque lors du sevrage tabagique"
"clozapine"	"neuroleptiques"
"cobicistat"	"inhibiteurs puissants du CYP3A4"
"codeine"	"analgésiques morphiniques agonistes"
"codeine"	"analgésiques morphiniques de palier II"
"codeine"	"antitussifs morphiniques vrais"
"codeine"	"morphiniques"
"codeine"	"médicaments sédatifs"
"colesevelam"	"résines chélatrices"
"colestilan"	"résines chélatrices"
"colestyramine"	"résines chélatrices"
"colistine"	"médicaments néphrotoxiques"
"cortisone"	"glucocorticoïdes (sauf hydrocortisone)"
"cortisone"	"hypokaliémiants"
"cortivazol"	"glucocorticoïdes (sauf hydrocortisone)"
"cortivazol"	"hypokaliémiants"
"crizotinib"	"bradycardisants"
"crizotinib"	"inhibiteurs des tyrosine kinases"
"cyamemazine"	"médicaments abaissant le seuil épileptogène"
"cyamemazine"	"médicaments atropiniques"
"cyamemazine"	"médicaments susceptibles de donner des torsades de pointes"
"cyamemazine"	"médicaments sédatifs"
"cyamemazine"	"médicaments à l'origine d'une hypotension orthostatique"
"cyamemazine"	"neuroleptiques"
"cyamemazine"	"neuroleptiques antipsychotiques (sauf clozapine)"
"cyamemazine"	"neuroleptiques susceptibles de donner des torsades de pointes"
"cyclizine"	"médicaments sédatifs"
"cyclobarbital"	"barbituriques"
"cyclobarbital"	"médicaments sédatifs"
"cyclopentolate"	"médicaments atropiniques"
"cyclophosphamide"	"cytotoxiques"
"cyclothiazide"	"antihypertenseurs sauf alpha-bloquants"
"cyclothiazide"	"diurétiques"
"cyclothiazide"	"diurétiques hypokaliémiants"
"cyclothiazide"	"diurétiques thiazidiques et apparentés"
"cyclothiazide"	"hypokaliémiants"
"cyclothiazide"	"hyponatrémiants"
"cyclothiazide"	"médicaments abaissant la pression artérielle"
"cyproheptadine"	"médicaments atropiniques"
"cyproheptadine"	"médicaments sédatifs"
"cyproterone"	"progestatifs contraceptifs"
"cytarabine"	"cytotoxiques"
"dabigatran"	"anticoagulants oraux"
"dabrafénib"	"inducteurs enzymatiques"
"dabrafénib"	"inhibiteurs des tyrosine kinases"
"dacarbazine"	"cytotoxiques"
"dactinomycine"	"cytotoxiques"
"dalteparine sodique"	"hyperkaliémiants"
"dalteparine sodique"	"héparines"
"dalteparine sodique"	"héparines de bas poids moléculaire et apparentés (doses curatives et/ou sujet âgé)"
"dalteparine sodique"	"héparines de bas poids moléculaire et apparentés (doses préventives)"
"danaparoide sodique"	"hyperkaliémiants"
"danaparoide sodique"	"héparines"
"danaparoide sodique"	"héparines de bas poids moléculaire et apparentés (doses curatives et/ou sujet âgé)"
"danaparoide sodique"	"héparines de bas poids moléculaire et apparentés (doses préventives)"
"dapoxétine"	"inhibiteurs sélectifs de la recapture de la sérotonine"
"dapoxétine"	"médicaments sédatifs"
"darifenacine"	"médicaments atropiniques"
"darunavir"	"inhibiteurs de protéases boostés par ritonavir"
"dasatinib"	"inhibiteurs des tyrosine kinases"
"dasatinib"	"substrats à risque du CYP3A4"
"daunorubicine"	"cytotoxiques"
"décitabine"	"cytotoxiques"
"delorazepam"	"benzodiazépines et apparentés"
"delorazepam"	"médicaments sédatifs"
"déméclocycline"	"cyclines"
"desflurane"	"anesthésiques volatils halogénés"
"desipramine"	"antidépresseurs imipraminiques"
"desipramine"	"médicaments abaissant le seuil épileptogène"
"desipramine"	"médicaments atropiniques"
"desipramine"	"médicaments à l'origine d'une hypotension orthostatique"
"desirudine"	"hyperkaliémiants"
"desirudine"	"héparines"
"desirudine"	"héparines de bas poids moléculaire et apparentés (doses curatives et/ou sujet âgé)"
"desirudine"	"héparines de bas poids moléculaire et apparentés (doses préventives)"
"deslanoside"	"bradycardisants"
"desmopressine"	"hyponatrémiants"
"desogestrel"	"progestatifs contraceptifs"
"desoxycortone"	"minéralocorticoïdes"
"dexamethasone"	"glucocorticoïdes (sauf hydrocortisone)"
"dexamethasone"	"hypokaliémiants"
"dexchlorpheniramine"	"médicaments atropiniques"
"dexchlorpheniramine"	"médicaments sédatifs"
"dexketoprofene trometamol"	"anti-inflammatoires non stéroïdiens"
"dexketoprofene trometamol"	"hyperkaliémiants"
"dexmédétomidine"	"médicaments sédatifs"
"dexrazoxane"	"cytotoxiques"
"dextran"	"dextran 40"
"dextromethorphane"	"antitussifs morphine-like"
"dextromethorphane"	"morphiniques"
"dextromethorphane"	"médicaments sédatifs"
"dextromoramide"	"analgésiques morphiniques agonistes"
"dextromoramide"	"analgésiques morphiniques de palier III"
"dextromoramide"	"morphiniques"
"dextromoramide"	"médicaments sédatifs"
"di(acefylline) diphenhydramine"	"médicaments atropiniques"
"di(acefylline) diphenhydramine"	"médicaments sédatifs"
"diazepam"	"benzodiazépines et apparentés"
"diazepam"	"médicaments sédatifs"
"dibekacine"	"aminosides"
"dibekacine"	"médicaments néphrotoxiques"
"dibekacine"	"médicaments ototoxiques"
"dicitrate trimagnesien"	"citrates"
"diclofenac"	"anti-inflammatoires non stéroïdiens"
"diclofenac"	"hyperkaliémiants"
"dicloxacilline"	"pénicillines"
"dienogest"	"estroprogestatifs contraceptifs"
"dienogest"	"progestatifs contraceptifs"
"diethylstilbestrol"	"estrogènes non contraceptifs"
"digitoxine"	"bradycardisants"
"digitoxine"	"digitaliques"
"digoxine"	"bradycardisants"
"digoxine"	"digitaliques"
"dihexyverine"	"médicaments atropiniques"
"dihydralazine"	"antihypertenseurs sauf alpha-bloquants"
"dihydralazine"	"médicaments abaissant la pression artérielle"
"dihydrocodeine"	"analgésiques morphiniques agonistes"
"dihydrocodeine"	"analgésiques morphiniques de palier II"
"dihydrocodeine"	"morphiniques"
"dihydrocodeine"	"médicaments sédatifs"
"dihydroergotamine"	"alcaloïdes de l'ergot de seigle vasoconstricteurs"
"dihydroergotamine"	"substrats à risque du CYP3A4"
"diltiazem"	"antagonistes des canaux calciques"
"diltiazem"	"antiarythmiques"
"diltiazem"	"antihypertenseurs sauf alpha-bloquants"
"diltiazem"	"bradycardisants"
"diltiazem"	"médicaments abaissant la pression artérielle"
"dimenhydrinate"	"médicaments atropiniques"
"dimenhydrinate"	"médicaments sédatifs"
"dinitrate d'isosorbide"	"dérivés nitrés et apparentés"
"dinitrate d'isosorbide"	"médicaments à l'origine d'une hypotension orthostatique"
"diosmectite"	"topiques gastro-intestinaux, antiacides et adsorbants"
"diphemanil"	"médicaments susceptibles de donner des torsades de pointes"
"diphemanil"	"torsadogènes (sauf antiparasitaires, neuroleptiques, méthadone)"
"diphenhydramine"	"médicaments atropiniques"
"diphenhydramine"	"médicaments sédatifs"
"dirithromycine"	"macrolides (sauf spiramycine)"
"disopyramide"	"antiarythmiques"
"disopyramide"	"antiarythmiques classe I (sauf lidocaïne)"
"disopyramide"	"antiarythmiques classe Ia"
"disopyramide"	"bradycardisants"
"disopyramide"	"médicaments atropiniques"
"disopyramide"	"médicaments susceptibles de donner des torsades de pointes"
"disopyramide"	"torsadogènes (sauf antiparasitaires, neuroleptiques, méthadone)"
"disulfirame"	"antabuse (réaction)"
"docetaxel"	"cytotoxiques"
"docetaxel"	"substrats à risque du CYP3A4"
"dofetilide"	"antiarythmiques"
"dofetilide"	"médicaments susceptibles de donner des torsades de pointes"
"dofetilide"	"torsadogènes (sauf antiparasitaires, neuroleptiques, méthadone)"
"dolasetron"	"médicaments susceptibles de donner des torsades de pointes"
"dolasetron"	"torsadogènes (sauf antiparasitaires, neuroleptiques, méthadone)"
"domperidone"	"médicaments susceptibles de donner des torsades de pointes"
"domperidone"	"torsadogènes (sauf antiparasitaires, neuroleptiques, méthadone)"
"donepezil"	"anticholinestérasiques"
"donepezil"	"bradycardisants"
"dopamine"	"sympathomimétiques alpha et bêta (voie IM et IV)"
"dosulepine"	"antidépresseurs imipraminiques"
"dosulepine"	"médicaments abaissant le seuil épileptogène"
"dosulepine"	"médicaments atropiniques"
"dosulepine"	"médicaments à l'origine d'une hypotension orthostatique"
"doxazosine"	"alphabloquants à visée urologique"
"doxazosine"	"antihypertenseurs alpha-bloquants"
"doxazosine"	"médicaments abaissant la pression artérielle"
"doxazosine"	"médicaments à l'origine d'une hypotension orthostatique"
"doxepine"	"antidépresseurs imipraminiques"
"doxepine"	"médicaments abaissant le seuil épileptogène"
"doxepine"	"médicaments atropiniques"
"doxepine"	"médicaments sédatifs"
"doxepine"	"médicaments à l'origine d'une hypotension orthostatique"
"doxorubicine"	"cytotoxiques"
"doxycycline"	"cyclines"
"doxylamine"	"hypnotiques"
"doxylamine"	"médicaments atropiniques"
"doxylamine"	"médicaments sédatifs"
"dronedarone"	"antiarythmiques"
"dronedarone"	"bradycardisants"
"dronedarone"	"médicaments susceptibles de donner des torsades de pointes"
"dronedarone"	"torsadogènes (sauf antiparasitaires, neuroleptiques, méthadone)"
"droperidol"	"médicaments abaissant le seuil épileptogène"
"droperidol"	"médicaments susceptibles de donner des torsades de pointes"
"droperidol"	"médicaments sédatifs"
"droperidol"	"médicaments à l'origine d'une hypotension orthostatique"
"droperidol"	"neuroleptiques"
"droperidol"	"neuroleptiques antipsychotiques (sauf clozapine)"
"droperidol"	"neuroleptiques susceptibles de donner des torsades de pointes"
"drospirenone"	"hyperkaliémiants"
"drospirenone"	"progestatifs contraceptifs"
"duloxetine"	"médicaments mixtes adrénergiques-sérotoninergiques"
"duloxetine"	"médicaments à l'origine d'un syndrome sérotoninergique"
"dydrogesterone"	"progestatifs non contraceptifs, associés ou non à un estrogène"
"efavirenz"	"inducteurs enzymatiques"
"eletriptan"	"triptans"
"eletriptan"	"triptans non métabolisés par la MAO"
"enalapril"	"antihypertenseurs sauf alpha-bloquants"
"enalapril"	"hyperkaliémiants"
"enalapril"	"inhibiteurs de l'enzyme de conversion"
"enalapril"	"médicaments abaissant la pression artérielle"
"enflurane"	"anesthésiques volatils halogénés"
"enoxacine"	"fluoroquinolones"
"enoxaparine"	"hyperkaliémiants"
"enoxaparine"	"héparines"
"enoxaparine"	"héparines de bas poids moléculaire et apparentés (doses curatives et/ou sujet âgé)"
"enoxaparine"	"héparines de bas poids moléculaire et apparentés (doses préventives)"
"entacapone"	"antiparkinsoniens dopaminergiques"
"entacapone"	"dopaminergiques"
"entacapone"	"inhibiteurs de la catéchol-O-méthyltransférase (COMT)"
"entacapone"	"médicaments sédatifs"
"entacapone"	"médicaments à l'origine d'une hypotension orthostatique"
"enzalutamide"	"inducteurs enzymatiques"
"ephedrine"	"sympathomimétiques indirects"
"epirubicine"	"cytotoxiques"
"eplerenone"	"antihypertenseurs sauf alpha-bloquants"
"eplerenone"	"diurétiques"
"eplerenone"	"diurétiques épargneurs de potassium (seuls ou associés)"
"eplerenone"	"hyperkaliémiants"
"eplerenone"	"hyponatrémiants"
"eplerenone"	"médicaments abaissant la pression artérielle"
"epoprostenol"	"antiagrégants plaquettaires"
"eprosartan"	"antagonistes des récepteurs de l'angiotensine II"
"eprosartan"	"antihypertenseurs sauf alpha-bloquants"
"eprosartan"	"hyperkaliémiants"
"eprosartan"	"médicaments abaissant la pression artérielle"
"eptifibatide"	"antiagrégants plaquettaires"
"ergocalciferol"	"vitamine D"
"ergotamine"	"alcaloïdes de l'ergot de seigle vasoconstricteurs"
"ergotamine"	"substrats à risque du CYP3A4"
"éribuline"	"cytotoxiques"
"erlotinib"	"inhibiteurs des tyrosine kinases"
"erlotinib"	"substrats à risque du CYP3A4"
"ertapenem"	"pénems"
"erythromycine"	"inhibiteurs puissants du CYP3A4"
"erythromycine"	"macrolides (sauf spiramycine)"
"erythromycine"	"médicaments susceptibles de donner des torsades de pointes"
"erythromycine"	"torsadogènes (sauf antiparasitaires, neuroleptiques, méthadone)"
"escitalopram"	"hyponatrémiants"
"escitalopram"	"inhibiteurs sélectifs de la recapture de la sérotonine"
"escitalopram"	"médicaments abaissant le seuil épileptogène"
"escitalopram"	"médicaments susceptibles de donner des torsades de pointes"
"escitalopram"	"médicaments à l'origine d'un syndrome sérotoninergique"
"escitalopram"	"torsadogènes (sauf antiparasitaires, neuroleptiques, méthadone)"
"eslicarbamazépine"	"inducteurs enzymatiques"
"esmolol"	"bradycardisants"
"esomeprazole"	"antisécrétoires inhibiteurs de la pompe à protons"
"estazolam"	"benzodiazépines et apparentés"
"estazolam"	"hypnotiques"
"estazolam"	"médicaments sédatifs"
"estradiol"	"estrogènes non contraceptifs"
"estradiol"	"estroprogestatifs contraceptifs"
"estramustine"	"cytotoxiques"
"estriol"	"estrogènes non contraceptifs"
"estrogenes sulfoconjugues equins"	"estrogènes non contraceptifs"
"estrone"	"estrogènes non contraceptifs"
"etanercept"	"anti-TNF alpha"
"ethinylestradiol"	"estroprogestatifs contraceptifs"
"ethosuximide"	"anticonvulsivants métabolisés"
"ethylmorphine"	"antitussifs morphiniques vrais"
"ethylmorphine"	"morphiniques"
"ethylmorphine"	"médicaments sédatifs"
"etifoxine"	"médicaments sédatifs"
"etilefrine"	"sympathomimétiques alpha (voies orale et/ou nasale)"
"etodolac"	"anti-inflammatoires non stéroïdiens"
"etodolac"	"hyperkaliémiants"
"etonogestrel"	"progestatifs contraceptifs"
"etoposide"	"cytotoxiques"
"etorecoxib"	"anti-inflammatoires non stéroïdiens"
"etorecoxib"	"hyperkaliémiants"
"etretinate"	"rétinoïdes"
"eucalyptus"	"médicaments abaissant le seuil épileptogène"
"eugenol"	"médicaments abaissant le seuil épileptogène"
"everolimus"	"immunosuppresseurs"
"everolimus"	"substrats à risque du CYP3A4"
"famotidine"	"antisécrétoires antihistaminiques H2"
"fampridines"	"bradycardisants"
"fampridines"	"médicaments abaissant le seuil épileptogène"
"febuxostat"	"inhibiteurs de la xanthine oxydase"
"felbamate"	"anticonvulsivants métabolisés"
"felodipine"	"antagonistes des canaux calciques"
"felodipine"	"antihypertenseurs sauf alpha-bloquants"
"felodipine"	"dihydropyridines"
"felodipine"	"médicaments abaissant la pression artérielle"
"fenbufene"	"anti-inflammatoires non stéroïdiens"
"fenbufene"	"hyperkaliémiants"
"fenofibrate"	"fibrates"
"fenoprofene"	"anti-inflammatoires non stéroïdiens"
"fenoprofene"	"hyperkaliémiants"
"fenspiride"	"médicaments sédatifs"
"fentanyl"	"analgésiques morphiniques agonistes"
"fentanyl"	"analgésiques morphiniques de palier III"
"fentanyl"	"morphiniques"
"fentanyl"	"médicaments sédatifs"
"fentanyl"	"substrats à risque du CYP3A4"
"fesoterodine"	"médicaments atropiniques"
"fingolimod"	"bradycardisants"
"flecainide"	"antiarythmiques"
"flecainide"	"antiarythmiques classe I (sauf lidocaïne)"
"fleroxacine"	"fluoroquinolones"
"fluanisone"	"médicaments sédatifs"
"fluanisone"	"médicaments à l'origine d'une hypotension orthostatique"
"fluanisone"	"neuroleptiques"
"fluconazole"	"antifongiques azolés"
"fludarabine"	"cytotoxiques"
"fludiazepam"	"benzodiazépines et apparentés"
"fludiazepam"	"médicaments sédatifs"
"fludrocortisone"	"hypokaliémiants"
"fludrocortisone"	"minéralocorticoïdes"
"fluindione"	"anticoagulants oraux"
"fluindione"	"antivitamines K"
"flunarizine"	"médicaments atropiniques"
"flunarizine"	"médicaments sédatifs"
"flunitrazepam"	"benzodiazépines et apparentés"
"flunitrazepam"	"hypnotiques"
"flunitrazepam"	"médicaments sédatifs"
"fluorouracile"	"cytotoxiques"
"fluorouracile"	"fluorouracile (et, par extrapolation, tegafur et capécitabine)"
"fluoxetine"	"hyponatrémiants"
"fluoxetine"	"inhibiteurs sélectifs de la recapture de la sérotonine"
"fluoxetine"	"médicaments abaissant le seuil épileptogène"
"fluoxetine"	"médicaments à l'origine d'un syndrome sérotoninergique"
"flupentixol"	"médicaments atropiniques"
"flupentixol"	"médicaments susceptibles de donner des torsades de pointes"
"flupentixol"	"médicaments sédatifs"
"flupentixol"	"médicaments à l'origine d'une hypotension orthostatique"
"flupentixol"	"neuroleptiques"
"flupentixol"	"neuroleptiques antipsychotiques (sauf clozapine)"
"flupentixol"	"neuroleptiques susceptibles de donner des torsades de pointes"
"fluphenazine"	"médicaments abaissant le seuil épileptogène"
"fluphenazine"	"médicaments atropiniques"
"fluphenazine"	"médicaments susceptibles de donner des torsades de pointes"
"fluphenazine"	"médicaments sédatifs"
"fluphenazine"	"médicaments à l'origine d'une hypotension orthostatique"
"fluphenazine"	"neuroleptiques"
"fluphenazine"	"neuroleptiques antipsychotiques (sauf clozapine)"
"fluphenazine"	"neuroleptiques susceptibles de donner des torsades de pointes"
"flurazepam"	"benzodiazépines et apparentés"
"flurazepam"	"médicaments sédatifs"
"flurbiprofene"	"anti-inflammatoires non stéroïdiens"
"flurbiprofene"	"hyperkaliémiants"
"fluticasone"	"autres corticoïdes, notamment inhalés"
"fluvastatine"	"inhibiteurs de l'HMG-CoA réductase (statines)"
"fluvoxamine"	"hyponatrémiants"
"fluvoxamine"	"inhibiteurs sélectifs de la recapture de la sérotonine"
"fluvoxamine"	"médicaments abaissant le seuil épileptogène"
"fluvoxamine"	"médicaments à l'origine d'un syndrome sérotoninergique"
"fondaparinux"	"hyperkaliémiants"
"fondaparinux"	"héparines"
"fondaparinux"	"héparines de bas poids moléculaire et apparentés (doses curatives et/ou sujet âgé)"
"fondaparinux"	"héparines de bas poids moléculaire et apparentés (doses préventives)"
"fosamprenavir"	"amprénavir (et, par extrapolation, fosamprénavir)"
"fosamprenavir"	"inhibiteurs de protéases boostés par ritonavir"
"foscarnet"	"médicaments néphrotoxiques"
"fosinopril"	"antihypertenseurs sauf alpha-bloquants"
"fosinopril"	"hyperkaliémiants"
"fosinopril"	"inhibiteurs de l'enzyme de conversion"
"fosinopril"	"médicaments abaissant la pression artérielle"
"fosphenytoine"	"anticonvulsivants inducteurs enzymatiques"
"fosphenytoine"	"anticonvulsivants métabolisés"
"fosphenytoine"	"inducteurs enzymatiques"
"fosphenytoine"	"phénytoïne (et, par extrapolation, fosphénytoïne)"
"fotemustine"	"cytotoxiques"
"frovatriptan"	"triptans"
"frovatriptan"	"triptans non métabolisés par la MAO"
"furazolidone"	"antabuse (réaction)"
"furosemide"	"antihypertenseurs sauf alpha-bloquants"
"furosemide"	"diurétiques"
"furosemide"	"diurétiques de l'anse"
"furosemide"	"diurétiques hypokaliémiants"
"furosemide"	"hypokaliémiants"
"furosemide"	"hyponatrémiants"
"furosemide"	"médicaments abaissant la pression artérielle"
"furosemide"	"médicaments ototoxiques"
"galantamine"	"anticholinestérasiques"
"galantamine"	"bradycardisants"
"ganciclovir"	"médicaments néphrotoxiques"
"gefitinib"	"inhibiteurs des tyrosine kinases"
"gefitinib"	"substrats à risque du CYP3A4"
"gel d'hydroxyde d'aluminium et de carbonate de magnesium codesseches"	"aluminium (sels)"
"gel d'hydroxyde d'aluminium et de carbonate de magnesium codesseches"	"topiques gastro-intestinaux, antiacides et adsorbants"
"gemcitabine"	"cytotoxiques"
"gemfibrozil"	"fibrates"
"gemifloxacine"	"fluoroquinolones"
"gentamicine"	"aminosides"
"gentamicine"	"médicaments néphrotoxiques"
"gentamicine"	"médicaments ototoxiques"
"glibenclamide"	"antabuse (réaction)"
"glibenclamide"	"sulfamides hypoglycémiants"
"glibornuride"	"sulfamides hypoglycémiants"
"gliclazide"	"sulfamides hypoglycémiants"
"glimepiride"	"sulfamides hypoglycémiants"
"glipizide"	"antabuse (réaction)"
"glipizide"	"sulfamides hypoglycémiants"
"golimumab"	"anti-TNF alpha"
"griseofulvine"	"antabuse (réaction)"
"guanfacine"	"médicaments abaissant la pression artérielle"
"halazepam"	"benzodiazépines et apparentés"
"halazepam"	"médicaments sédatifs"
"halofantrine"	"antiparasitaires susceptibles de donner des torsades de pointes"
"halofantrine"	"médicaments susceptibles de donner des torsades de pointes"
"halofantrine"	"substrats à risque du CYP3A4"
"haloperidol"	"médicaments abaissant le seuil épileptogène"
"haloperidol"	"médicaments susceptibles de donner des torsades de pointes"
"haloperidol"	"médicaments sédatifs"
"haloperidol"	"médicaments à l'origine d'une hypotension orthostatique"
"haloperidol"	"neuroleptiques"
"haloperidol"	"neuroleptiques antipsychotiques (sauf clozapine)"
"haloperidol"	"neuroleptiques susceptibles de donner des torsades de pointes"
"halothane"	"anesthésiques volatils halogénés"
"haloxazolam"	"benzodiazépines et apparentés"
"haloxazolam"	"médicaments sédatifs"
"heparine calcique"	"hyperkaliémiants"
"heparine calcique"	"héparines"
"heparine calcique"	"héparines non fractionnées (doses curatives et/ou sujet âgé)"
"heparine calcique"	"héparines non fractionnées (doses préventives)"
"heparine sodique"	"hyperkaliémiants"
"heparine sodique"	"héparines"
"heparine sodique"	"héparines non fractionnées (doses curatives et/ou sujet âgé)"
"heparine sodique"	"héparines non fractionnées (doses préventives)"
"heparine sodique/iodure de sodium"	"hyperkaliémiants"
"heparine sodique/iodure de sodium"	"héparines"
"heparine sodique/iodure de sodium"	"héparines non fractionnées (doses curatives et/ou sujet âgé)"
"heparine sodique/iodure de sodium"	"héparines non fractionnées (doses préventives)"
"hexobarbital"	"barbituriques"
"hexylresorcinol"	"spermicides"
"histapyrrodine"	"médicaments atropiniques"
"histapyrrodine"	"médicaments sédatifs"
"homatropine"	"médicaments atropiniques"
"hydrochlorothiazide"	"antihypertenseurs sauf alpha-bloquants"
"hydrochlorothiazide"	"diurétiques"
"hydrochlorothiazide"	"diurétiques hypokaliémiants"
"hydrochlorothiazide"	"diurétiques thiazidiques et apparentés"
"hydrochlorothiazide"	"hypokaliémiants"
"hydrochlorothiazide"	"hyponatrémiants"
"hydrochlorothiazide"	"médicaments abaissant la pression artérielle"
"hydrocortisone"	"hypokaliémiants"
"hydromorphone"	"analgésiques morphiniques agonistes"
"hydromorphone"	"analgésiques morphiniques de palier III"
"hydromorphone"	"morphiniques"
"hydromorphone"	"médicaments sédatifs"
"hydroquinidine"	"antiarythmiques"
"hydroquinidine"	"antiarythmiques classe I (sauf lidocaïne)"
"hydroquinidine"	"antiarythmiques classe Ia"
"hydroquinidine"	"bradycardisants"
"hydroquinidine"	"médicaments susceptibles de donner des torsades de pointes"
"hydroquinidine"	"torsadogènes (sauf antiparasitaires, neuroleptiques, méthadone)"
"hydrotalcite"	"aluminium (sels)"
"hydrotalcite"	"topiques gastro-intestinaux, antiacides et adsorbants"
"hydroxycarbamide"	"cytotoxiques"
"hydroxyprogesterone"	"progestatifs non contraceptifs, associés ou non à un estrogène"
"hydroxyzine"	"médicaments atropiniques"
"hydroxyzine"	"médicaments sédatifs"
"ibuprofene"	"anti-inflammatoires non stéroïdiens"
"ibuprofene"	"hyperkaliémiants"
"ibutilide"	"antiarythmiques"
"ibutilide"	"médicaments susceptibles de donner des torsades de pointes"
"ibutilide"	"torsadogènes (sauf antiparasitaires, neuroleptiques, méthadone)"
"idarubicine"	"cytotoxiques"
"ifosfamide"	"cytotoxiques"
"ifosfamide"	"médicaments néphrotoxiques"
"iloprost"	"antiagrégants plaquettaires"
"iloprost trometamol"	"antiagrégants plaquettaires"
"imatinib"	"inhibiteurs des tyrosine kinases"
"imatinib"	"substrats à risque du CYP3A4"
"imidapril"	"antihypertenseurs sauf alpha-bloquants"
"imidapril"	"hyperkaliémiants"
"imidapril"	"inhibiteurs de l'enzyme de conversion"
"imidapril"	"médicaments abaissant la pression artérielle"
"imipenem"	"pénems"
"imipramine"	"antidépresseurs imipraminiques"
"imipramine"	"médicaments abaissant le seuil épileptogène"
"imipramine"	"médicaments atropiniques"
"imipramine"	"médicaments mixtes adrénergiques-sérotoninergiques"
"imipramine"	"médicaments à l'origine d'un syndrome sérotoninergique"
"imipramine"	"médicaments à l'origine d'une hypotension orthostatique"
"immunoglobuline de lapin anti-lymphocyte t humain"	"globulines antilymphocytaires"
"immunoglobulines equines antilymphocyte humain"	"globulines antilymphocytaires"
"indapamide"	"antihypertenseurs sauf alpha-bloquants"
"indapamide"	"diurétiques"
"indapamide"	"diurétiques hypokaliémiants"
"indapamide"	"diurétiques thiazidiques et apparentés"
"indapamide"	"hypokaliémiants"
"indapamide"	"hyponatrémiants"
"indapamide"	"médicaments abaissant la pression artérielle"
"indinavir"	"inhibiteurs de protéases boostés par ritonavir"
"indometacine"	"anti-inflammatoires non stéroïdiens"
"indometacine"	"hyperkaliémiants"
"indoramine"	"médicaments atropiniques"
"indoramine"	"médicaments sédatifs"
"infliximab"	"anti-TNF alpha"
"insuline"	"insuline"
"insuline asparte"	"insuline"
"insuline asparte isophane biphasique"	"insuline"
"insuline glargine"	"insuline"
"insuline humaine biosynthetique"	"insuline"
"insuline humaine biosynthetique zinc"	"insuline"
"insuline humaine hemisynthetique d'origine porcine"	"insuline"
"insuline humaine hemisynthetique isophane"	"insuline"
"insuline humaine hemisynthetique isophane biphasique"	"insuline"
"insuline humaine recombinante"	"insuline"
"insuline humaine recombinante isophane"	"insuline"
"insuline humaine recombinante isophane biphasique"	"insuline"
"insuline humaine recombinante zinc"	"insuline"
"insuline humaine recombinante zinc cristalline"	"insuline"
"insuline lispro"	"insuline"
"insuline porcine"	"insuline"
"iobitridol"	"médicaments néphrotoxiques"
"iobitridol"	"produits de contraste iodés"
"iodixanol"	"médicaments néphrotoxiques"
"iodixanol"	"produits de contraste iodés"
"iohexol"	"médicaments néphrotoxiques"
"iohexol"	"produits de contraste iodés"
"iomeprol"	"médicaments néphrotoxiques"
"iomeprol"	"produits de contraste iodés"
"iopamidol"	"médicaments néphrotoxiques"
"iopamidol"	"produits de contraste iodés"
"iopentol"	"médicaments néphrotoxiques"
"iopentol"	"produits de contraste iodés"
"iopromide"	"médicaments néphrotoxiques"
"iopromide"	"produits de contraste iodés"
"ioversol"	"médicaments néphrotoxiques"
"ioversol"	"produits de contraste iodés"
"ipratropium"	"médicaments atropiniques"
"iproniazide"	"IMAO irréversibles"
"iproniazide"	"médicaments à l'origine d'un syndrome sérotoninergique"
"irbesartan"	"antagonistes des récepteurs de l'angiotensine II"
"irbesartan"	"antihypertenseurs sauf alpha-bloquants"
"irbesartan"	"hyperkaliémiants"
"irbesartan"	"médicaments abaissant la pression artérielle"
"irinotecan"	"cytotoxiques"
"irinotecan"	"substrats à risque du CYP3A4"
"isepamicine"	"aminosides"
"isepamicine"	"médicaments néphrotoxiques"
"isepamicine"	"médicaments ototoxiques"
"isoflurane"	"anesthésiques volatils halogénés"
"isosorbide"	"dérivés nitrés et apparentés"
"isosorbide"	"médicaments à l'origine d'une hypotension orthostatique"
"isothipendyl"	"médicaments atropiniques"
"isothipendyl"	"médicaments sédatifs"
"isotretinoine"	"rétinoïdes"
"isradipine"	"antagonistes des canaux calciques"
"isradipine"	"antihypertenseurs sauf alpha-bloquants"
"isradipine"	"dihydropyridines"
"isradipine"	"médicaments abaissant la pression artérielle"
"itraconazole"	"antifongiques azolés"
"itraconazole"	"inhibiteurs puissants du CYP3A4"
"ivabradine"	"bradycardisants"
"josamycine"	"macrolides (sauf spiramycine)"
"kanamycine"	"aminosides"
"kanamycine"	"médicaments néphrotoxiques"
"kanamycine"	"médicaments ototoxiques"
"kaolin lourd"	"topiques gastro-intestinaux, antiacides et adsorbants"
"ketazolam"	"benzodiazépines et apparentés"
"ketazolam"	"médicaments sédatifs"
"ketoconazole"	"antabuse (réaction)"
"ketoconazole"	"antifongiques azolés"
"ketoconazole"	"inhibiteurs puissants du CYP3A4"
"ketoprofene"	"anti-inflammatoires non stéroïdiens"
"ketoprofene"	"hyperkaliémiants"
"ketotifene"	"médicaments sédatifs"
"labetalol"	"antihypertenseurs sauf alpha-bloquants"
"labetalol"	"bradycardisants"
"labetalol"	"bêta-bloquants (sauf esmolol et sotalol)"
"labetalol"	"bêta-bloquants (sauf esmolol)"
"labetalol"	"médicaments abaissant la pression artérielle"
"lacidipine"	"antagonistes des canaux calciques"
"lacidipine"	"antihypertenseurs sauf alpha-bloquants"
"lacidipine"	"dihydropyridines"
"lacidipine"	"médicaments abaissant la pression artérielle"
"lamotrigine"	"anticonvulsivants métabolisés"
"lanreotide"	"analogues de la somatostatine"
"lansoprazole"	"antisécrétoires inhibiteurs de la pompe à protons"
"lapatinib"	"inhibiteurs des tyrosine kinases"
"lapatinib"	"substrats à risque du CYP3A4"
"lepirudine"	"hyperkaliémiants"
"lercanidipine"	"antagonistes des canaux calciques"
"lercanidipine"	"antihypertenseurs sauf alpha-bloquants"
"lercanidipine"	"dihydropyridines"
"lercanidipine"	"médicaments abaissant la pression artérielle"
"levobunolol"	"antihypertenseurs sauf alpha-bloquants"
"levobunolol"	"bradycardisants"
"levobunolol"	"bêta-bloquants (sauf esmolol et sotalol)"
"levobunolol"	"bêta-bloquants (sauf esmolol)"
"levobunolol"	"médicaments abaissant la pression artérielle"
"levodopa"	"médicaments à l'origine d'une hypotension orthostatique"
"levofloxacine"	"fluoroquinolones"
"levofloxacine"	"médicaments susceptibles de donner des torsades de pointes"
"levofloxacine"	"torsadogènes (sauf antiparasitaires, neuroleptiques, méthadone)"
"levomenthol"	"médicaments abaissant le seuil épileptogène"
"levomepromazine"	"médicaments abaissant le seuil épileptogène"
"levomepromazine"	"médicaments atropiniques"
"levomepromazine"	"médicaments susceptibles de donner des torsades de pointes"
"levomepromazine"	"médicaments sédatifs"
"levomepromazine"	"médicaments à l'origine d'une hypotension orthostatique"
"levomepromazine"	"neuroleptiques"
"levomepromazine"	"neuroleptiques antipsychotiques (sauf clozapine)"
"levomepromazine"	"neuroleptiques susceptibles de donner des torsades de pointes"
"levonorgestrel"	"progestatifs contraceptifs"
"levothyroxine"	"hormones thyroïdiennes"
"lidocaine"	"antiarythmiques"
"linagliptine"	"gliptines"
"lincomycine"	"lincosanides"
"linezolide"	"IMAO-A réversibles, y compris linezolide et bleu de méthylène"
"linezolide"	"médicaments à l'origine d'un syndrome sérotoninergique"
"linsidomine"	"dérivés nitrés et apparentés"
"linsidomine"	"médicaments à l'origine d'une hypotension orthostatique"
"liothyronine sodique"	"hormones thyroïdiennes"
"lisinopril"	"antihypertenseurs sauf alpha-bloquants"
"lisinopril"	"hyperkaliémiants"
"lisinopril"	"inhibiteurs de l'enzyme de conversion"
"lisinopril"	"médicaments abaissant la pression artérielle"
"lisuride"	"alcaloïdes de l'ergot de seigle dopaminergiques"
"lisuride"	"antiparkinsoniens dopaminergiques"
"lisuride"	"dopaminergiques"
"lisuride"	"médicaments sédatifs"
"lisuride"	"médicaments à l'origine d'une hypotension orthostatique"
"loflazépate"	"benzodiazépines et apparentés"
"loflazépate"	"médicaments sédatifs"
"lomefloxacine"	"fluoroquinolones"
"lomustine"	"cytotoxiques"
"lopinavir"	"inhibiteurs de protéases boostés par ritonavir"
"loprazolam"	"benzodiazépines et apparentés"
"loprazolam"	"hypnotiques"
"loprazolam"	"médicaments sédatifs"
"lorazepam"	"benzodiazépines et apparentés"
"lorazepam"	"médicaments sédatifs"
"lormetazepam"	"benzodiazépines et apparentés"
"lormetazepam"	"hypnotiques"
"lormetazepam"	"médicaments sédatifs"
"losartan"	"antagonistes des récepteurs de l'angiotensine II"
"losartan"	"antihypertenseurs sauf alpha-bloquants"
"losartan"	"hyperkaliémiants"
"losartan"	"médicaments abaissant la pression artérielle"
"loxapine"	"médicaments sédatifs"
"loxapine"	"médicaments à l'origine d'une hypotension orthostatique"
"loxapine"	"neuroleptiques"
"loxapine"	"neuroleptiques antipsychotiques (sauf clozapine)"
"lumefantrine"	"antiparasitaires susceptibles de donner des torsades de pointes"
"lumefantrine"	"médicaments susceptibles de donner des torsades de pointes"
"lumefantrine"	"substrats à risque du CYP3A4"
"lymecycline"	"cyclines"
"lynestrenol"	"progestatifs contraceptifs"
"lynestrenol"	"progestatifs non contraceptifs, associés ou non à un estrogène"
"magaldrate"	"aluminium (sels)"
"magaldrate"	"topiques gastro-intestinaux, antiacides et adsorbants"
"magnesium (hydroxyde de)"	"topiques gastro-intestinaux, antiacides et adsorbants"
"magnesium (trisilicate de)"	"topiques gastro-intestinaux, antiacides et adsorbants"
"manidipine"	"antagonistes des canaux calciques"
"manidipine"	"antihypertenseurs sauf alpha-bloquants"
"manidipine"	"dihydropyridines"
"manidipine"	"médicaments abaissant la pression artérielle"
"maprotiline"	"antidépresseurs imipraminiques"
"maprotiline"	"médicaments abaissant le seuil épileptogène"
"maprotiline"	"médicaments atropiniques"
"maprotiline"	"médicaments à l'origine d'une hypotension orthostatique"
"méclozine"	"médicaments atropiniques"
"méclozine"	"médicaments sédatifs"
"medazepam"	"benzodiazépines et apparentés"
"medazepam"	"médicaments sédatifs"
"medrogestone"	"progestatifs non contraceptifs, associés ou non à un estrogène"
"medroxyprogesterone"	"progestatifs contraceptifs"
"medroxyprogesterone"	"progestatifs non contraceptifs, associés ou non à un estrogène"
"mefenidramium"	"médicaments atropiniques"
"mefenidramium"	"médicaments sédatifs"
"mefloquine"	"bradycardisants"
"mefloquine"	"médicaments abaissant le seuil épileptogène"
"meloxicam"	"anti-inflammatoires non stéroïdiens"
"meloxicam"	"hyperkaliémiants"
"melphalan"	"cytotoxiques"
"menthe"	"médicaments abaissant le seuil épileptogène"
"menthol racemique"	"médicaments abaissant le seuil épileptogène"
"meprobamate"	"hypnotiques"
"meprobamate"	"médicaments sédatifs"
"mepyramine"	"médicaments atropiniques"
"mepyramine"	"médicaments sédatifs"
"mequitazine"	"médicaments atropiniques"
"mequitazine"	"médicaments susceptibles de donner des torsades de pointes"
"mequitazine"	"médicaments sédatifs"
"mequitazine"	"torsadogènes (sauf antiparasitaires, neuroleptiques, méthadone)"
"merbromine"	"antiseptiques mercuriels"
"mercaptopurine"	"cytotoxiques"
"meropenem"	"pénems"
"mesalazine"	"dérivés de l'acide aminosalicylique (ASA)"
"methadone"	"morphiniques"
"methadone"	"morphiniques en traitement de substitution"
"methadone"	"médicaments susceptibles de donner des torsades de pointes"
"methadone"	"médicaments sédatifs"
"methadone"	"médicaments à risque lors du sevrage tabagique"
"methotrexate"	"cytotoxiques"
"methotrexate"	"médicaments néphrotoxiques"
"methoxyflurane"	"anesthésiques volatils halogénés"
"methyclothiazide"	"antihypertenseurs sauf alpha-bloquants"
"methyclothiazide"	"diurétiques"
"methyclothiazide"	"diurétiques hypokaliémiants"
"methyclothiazide"	"diurétiques thiazidiques et apparentés"
"methyclothiazide"	"hypokaliémiants"
"methyclothiazide"	"hyponatrémiants"
"methyclothiazide"	"médicaments abaissant la pression artérielle"
"methyldopa"	"antihypertenseurs centraux"
"methyldopa"	"antihypertenseurs sauf alpha-bloquants"
"methyldopa"	"médicaments abaissant la pression artérielle"
"methyldopa"	"médicaments sédatifs"
"methylenecycline"	"cyclines"
"methylergometrine"	"alcaloïdes de l'ergot de seigle vasoconstricteurs"
"methylergometrine"	"substrats à risque du CYP3A4"
"methylphenidate"	"sympathomimétiques indirects"
"methylphenobarbital"	"barbituriques"
"methylphenobarbital"	"médicaments sédatifs"
"methylprednisolone"	"glucocorticoïdes (sauf hydrocortisone)"
"methylprednisolone"	"hypokaliémiants"
"methysergide"	"alcaloïdes de l'ergot de seigle vasoconstricteurs"
"methysergide"	"substrats à risque du CYP3A4"
"metipranolol"	"antihypertenseurs sauf alpha-bloquants"
"metipranolol"	"bradycardisants"
"metipranolol"	"bêta-bloquants (sauf esmolol et sotalol)"
"metipranolol"	"bêta-bloquants (sauf esmolol)"
"metipranolol"	"médicaments abaissant la pression artérielle"
"metoclopramide"	"médicaments sédatifs"
"metoclopramide"	"neuroleptiques"
"metoclopramide"	"neuroleptiques antiémétiques"
"metopimazine"	"médicaments atropiniques"
"metopimazine"	"médicaments sédatifs"
"metopimazine"	"médicaments à l'origine d'une hypotension orthostatique"
"metopimazine"	"neuroleptiques"
"metoprolol"	"antihypertenseurs sauf alpha-bloquants"
"metoprolol"	"bradycardisants"
"metoprolol"	"bêta-bloquants (sauf esmolol et sotalol)"
"metoprolol"	"bêta-bloquants (sauf esmolol)"
"metoprolol"	"bêta-bloquants dans l'insuffisance cardiaque"
"metoprolol"	"médicaments abaissant la pression artérielle"
"metronidazole"	"antabuse (réaction)"
"mexiletine"	"antiarythmiques"
"mexiletine"	"antiarythmiques classe I (sauf lidocaïne)"
"mezlocilline"	"pénicillines"
"mianserine"	"médicaments sédatifs"
"midazolam"	"benzodiazépines et apparentés"
"midazolam"	"médicaments sédatifs"
"midazolam"	"substrats à risque du CYP3A4"
"midecamycine"	"macrolides (sauf spiramycine)"
"midodrine"	"sympathomimétiques alpha (voies orale et/ou nasale)"
"millepertuis"	"médicaments à l'origine d'un syndrome sérotoninergique"
"milnacipran"	"médicaments mixtes adrénergiques-sérotoninergiques"
"milnacipran"	"médicaments à l'origine d'un syndrome sérotoninergique"
"miltefosine"	"cytotoxiques"
"minocycline"	"cyclines"
"mirtazapine"	"médicaments sédatifs"
"mitoguazone"	"cytotoxiques"
"mitomycine c"	"cytotoxiques"
"mitoxantrone"	"cytotoxiques"
"mivacurium"	"curares"
"mizolastine"	"médicaments atropiniques"
"mizolastine"	"médicaments susceptibles de donner des torsades de pointes"
"mizolastine"	"médicaments sédatifs"
"mizolastine"	"torsadogènes (sauf antiparasitaires, neuroleptiques, méthadone)"
"moclobemide"	"IMAO-A réversibles, y compris linezolide et bleu de méthylène"
"moclobemide"	"médicaments à l'origine d'un syndrome sérotoninergique"
"moexipril"	"antihypertenseurs sauf alpha-bloquants"
"moexipril"	"hyperkaliémiants"
"moexipril"	"inhibiteurs de l'enzyme de conversion"
"moexipril"	"médicaments abaissant la pression artérielle"
"molsidomine"	"dérivés nitrés et apparentés"
"molsidomine"	"médicaments à l'origine d'une hypotension orthostatique"
"mometasone"	"autres corticoïdes, notamment inhalés"
"monmectite"	"topiques gastro-intestinaux, antiacides et adsorbants"
"morniflumate"	"anti-inflammatoires non stéroïdiens"
"morniflumate"	"hyperkaliémiants"
"morphine"	"analgésiques morphiniques agonistes"
"morphine"	"analgésiques morphiniques de palier III"
"morphine"	"morphiniques"
"morphine"	"médicaments sédatifs"
"moxifloxacine"	"fluoroquinolones"
"moxifloxacine"	"médicaments susceptibles de donner des torsades de pointes"
"moxifloxacine"	"torsadogènes (sauf antiparasitaires, neuroleptiques, méthadone)"
"moxonidine"	"antihypertenseurs centraux"
"moxonidine"	"antihypertenseurs sauf alpha-bloquants"
"moxonidine"	"médicaments abaissant la pression artérielle"
"moxonidine"	"médicaments sédatifs"
"myristalkonium"	"spermicides"
"nabumetone"	"anti-inflammatoires non stéroïdiens"
"nabumetone"	"hyperkaliémiants"
"nadolol"	"antihypertenseurs sauf alpha-bloquants"
"nadolol"	"bradycardisants"
"nadolol"	"bêta-bloquants (sauf esmolol et sotalol)"
"nadolol"	"bêta-bloquants (sauf esmolol)"
"nadolol"	"médicaments abaissant la pression artérielle"
"nadoxolol"	"antihypertenseurs sauf alpha-bloquants"
"nadoxolol"	"bradycardisants"
"nadoxolol"	"bêta-bloquants (sauf esmolol et sotalol)"
"nadoxolol"	"bêta-bloquants (sauf esmolol)"
"nadoxolol"	"médicaments abaissant la pression artérielle"
"nadroparine calcique"	"hyperkaliémiants"
"nadroparine calcique"	"héparines"
"nadroparine calcique"	"héparines de bas poids moléculaire et apparentés (doses curatives et/ou sujet âgé)"
"nadroparine calcique"	"héparines de bas poids moléculaire et apparentés (doses préventives)"
"nalbuphine"	"morphiniques"
"nalbuphine"	"morphiniques agonistes-antagonistes"
"nalbuphine"	"médicaments sédatifs"
"nalméfène"	"morphiniques antagonistes partiels"
"nalorphine"	"morphiniques"
"nalorphine"	"médicaments sédatifs"
"naloxone"	"morphiniques"
"naloxone"	"médicaments sédatifs"
"naltrexone"	"morphiniques"
"naltrexone"	"morphiniques antagonistes partiels"
"naltrexone"	"médicaments sédatifs"
"naphazoline"	"sympathomimétiques alpha (voies orale et/ou nasale)"
"naproxene"	"anti-inflammatoires non stéroïdiens"
"naproxene"	"hyperkaliémiants"
"naratriptan"	"triptans"
"naratriptan"	"triptans non métabolisés par la MAO"
"nateglinide"	"glinides"
"nebivolol"	"antihypertenseurs sauf alpha-bloquants"
"nebivolol"	"bradycardisants"
"nebivolol"	"bêta-bloquants (sauf esmolol et sotalol)"
"nebivolol"	"bêta-bloquants (sauf esmolol)"
"nebivolol"	"bêta-bloquants dans l'insuffisance cardiaque"
"nebivolol"	"médicaments abaissant la pression artérielle"
"nefopam"	"médicaments sédatifs"
"nélarabine"	"cytotoxiques"
"nelfinavir"	"inhibiteurs puissants du CYP3A4"
"neostigmine"	"anticholinestérasiques"
"neostigmine"	"bradycardisants"
"netilmicine"	"aminosides"
"netilmicine"	"médicaments néphrotoxiques"
"netilmicine"	"médicaments ototoxiques"
"nevirapine"	"inducteurs enzymatiques"
"niaouli"	"médicaments abaissant le seuil épileptogène"
"niaprazine"	"hypnotiques"
"niaprazine"	"médicaments atropiniques"
"niaprazine"	"médicaments sédatifs"
"nicardipine"	"antagonistes des canaux calciques"
"nicardipine"	"antihypertenseurs sauf alpha-bloquants"
"nicardipine"	"dihydropyridines"
"nicardipine"	"médicaments abaissant la pression artérielle"
"nicorandil"	"dérivés nitrés et apparentés"
"nicorandil"	"médicaments à l'origine d'une hypotension orthostatique"
"nicotine"	"traitements de substitution nicotinique"
"nifedipine"	"antagonistes des canaux calciques"
"nifedipine"	"antihypertenseurs sauf alpha-bloquants"
"nifedipine"	"dihydropyridines"
"nifedipine"	"médicaments abaissant la pression artérielle"
"nilotinib"	"inhibiteurs des tyrosine kinases"
"nilotinib"	"substrats à risque du CYP3A4"
"nimesulide"	"anti-inflammatoires non stéroïdiens"
"nimesulide"	"hyperkaliémiants"
"nimetazepam"	"benzodiazépines et apparentés"
"nimetazepam"	"médicaments sédatifs"
"nimodipine"	"antagonistes des canaux calciques"
"nimodipine"	"antihypertenseurs sauf alpha-bloquants"
"nimodipine"	"dihydropyridines"
"nimodipine"	"médicaments abaissant la pression artérielle"
"nitrazepam"	"benzodiazépines et apparentés"
"nitrazepam"	"hypnotiques"
"nitrazepam"	"médicaments sédatifs"
"nitrendipine"	"antagonistes des canaux calciques"
"nitrendipine"	"antihypertenseurs sauf alpha-bloquants"
"nitrendipine"	"dihydropyridines"
"nitrendipine"	"médicaments abaissant la pression artérielle"
"nizatidine"	"antisécrétoires antihistaminiques H2"
"nomegestrol"	"progestatifs contraceptifs"
"nomegestrol"	"progestatifs non contraceptifs, associés ou non à un estrogène"
"nonoxynol 9"	"spermicides"
"noradrenaline"	"sympathomimétiques alpha et bêta (voie IM et IV)"
"nordazepam"	"benzodiazépines et apparentés"
"nordazepam"	"médicaments sédatifs"
"norelgestromine"	"progestatifs contraceptifs"
"norepinephrine"	"sympathomimétiques alpha et bêta (voie IM et IV)"
"norethandrolone"	"androgènes"
"norethisterone"	"progestatifs contraceptifs"
"norethisterone"	"progestatifs non contraceptifs, associés ou non à un estrogène"
"norfloxacine"	"fluoroquinolones"
"norgestimate"	"progestatifs contraceptifs"
"norgestrienone"	"progestatifs contraceptifs"
"nortriptyline"	"antidépresseurs imipraminiques"
"nortriptyline"	"médicaments abaissant le seuil épileptogène"
"nortriptyline"	"médicaments atropiniques"
"nortriptyline"	"médicaments à l'origine d'une hypotension orthostatique"
"noscapine"	"antitussifs morphine-like"
"noscapine"	"morphiniques"
"noscapine"	"médicaments sédatifs"
"octreotide"	"analogues de la somatostatine"
"ofloxacine"	"fluoroquinolones"
"olanzapine"	"médicaments sédatifs"
"olanzapine"	"médicaments à l'origine d'une hypotension orthostatique"
"olanzapine"	"neuroleptiques"
"olanzapine"	"neuroleptiques antipsychotiques (sauf clozapine)"
"olmesartan"	"antagonistes des récepteurs de l'angiotensine II"
"olmesartan"	"antihypertenseurs sauf alpha-bloquants"
"olmesartan"	"hyperkaliémiants"
"olmesartan"	"médicaments abaissant la pression artérielle"
"olsalazine"	"dérivés de l'acide aminosalicylique (ASA)"
"omeprazole"	"antisécrétoires inhibiteurs de la pompe à protons"
"opipramol"	"antidépresseurs imipraminiques"
"opipramol"	"médicaments abaissant le seuil épileptogène"
"opipramol"	"médicaments atropiniques"
"opipramol"	"médicaments à l'origine d'une hypotension orthostatique"
"ornidazole"	"antabuse (réaction)"
"oxacilline"	"pénicillines"
"oxaliplatine"	"cytotoxiques"
"oxaliplatine"	"médicaments néphrotoxiques"
"oxaliplatine"	"médicaments ototoxiques"
"oxaliplatine"	"organoplatines"
"oxatomide"	"médicaments atropiniques"
"oxatomide"	"médicaments sédatifs"
"oxazepam"	"benzodiazépines et apparentés"
"oxazepam"	"médicaments sédatifs"
"oxazolam"	"benzodiazépines et apparentés"
"oxazolam"	"médicaments sédatifs"
"oxcarbazepine"	"anticonvulsivants métabolisés"
"oxcarbazepine"	"hyponatrémiants"
"oxcarbazepine"	"inducteurs enzymatiques"
"oxetorone"	"médicaments sédatifs"
"oxitriptan"	"médicaments mixtes adrénergiques-sérotoninergiques"
"oxitriptan"	"médicaments à l'origine d'un syndrome sérotoninergique"
"oxitropium"	"médicaments atropiniques"
"oxomemazine"	"médicaments abaissant le seuil épileptogène"
"oxomemazine"	"médicaments atropiniques"
"oxomemazine"	"médicaments sédatifs"
"oxomemazine"	"médicaments à l'origine d'une hypotension orthostatique"
"oxomemazine"	"neuroleptiques"
"oxprenolol"	"antihypertenseurs sauf alpha-bloquants"
"oxprenolol"	"bradycardisants"
"oxprenolol"	"bêta-bloquants (sauf esmolol et sotalol)"
"oxprenolol"	"bêta-bloquants (sauf esmolol)"
"oxprenolol"	"médicaments abaissant la pression artérielle"
"oxybutynine"	"médicaments atropiniques"
"oxycodone"	"analgésiques morphiniques agonistes"
"oxycodone"	"analgésiques morphiniques de palier III"
"oxycodone"	"morphiniques"
"oxycodone"	"médicaments sédatifs"
"oxycodone"	"substrats à risque du CYP3A4"
"oxymetazoline"	"sympathomimétiques alpha (voies orale et/ou nasale)"
"oxytetracycline"	"cyclines"
"p a s sodique"	"dérivés de l'acide aminosalicylique (ASA)"
"paclitaxel"	"cytotoxiques"
"paliperidone"	"médicaments sédatifs"
"paliperidone"	"médicaments à l'origine d'une hypotension orthostatique"
"paliperidone"	"neuroleptiques"
"paliperidone"	"neuroleptiques antipsychotiques (sauf clozapine)"
"pancuronium"	"curares"
"pancuronium"	"curares non dépolarisants"
"pantoprazole"	"antisécrétoires inhibiteurs de la pompe à protons"
"paraffine"	"huiles minérales"
"parecoxib"	"anti-inflammatoires non stéroïdiens"
"parecoxib"	"hyperkaliémiants"
"paroxetine"	"hyponatrémiants"
"paroxetine"	"inhibiteurs sélectifs de la recapture de la sérotonine"
"paroxetine"	"médicaments abaissant le seuil épileptogène"
"paroxetine"	"médicaments à l'origine d'un syndrome sérotoninergique"
"pasiréotide"	"analogues de la somatostatine"
"pasiréotide"	"bradycardisants"
"pazopanib"	"inhibiteurs des tyrosine kinases"
"pazopanib"	"substrats à risque du CYP3A4"
"pefloxacine"	"fluoroquinolones"
"penfluridol"	"médicaments abaissant le seuil épileptogène"
"penfluridol"	"médicaments sédatifs"
"penfluridol"	"médicaments à l'origine d'une hypotension orthostatique"
"penfluridol"	"neuroleptiques"
"penfluridol"	"neuroleptiques antipsychotiques (sauf clozapine)"
"pentamidine"	"antiparasitaires susceptibles de donner des torsades de pointes"
"pentamidine"	"médicaments néphrotoxiques"
"pentamidine"	"médicaments susceptibles de donner des torsades de pointes"
"pentazocine"	"morphiniques"
"pentazocine"	"morphiniques agonistes-antagonistes"
"pentazocine"	"médicaments sédatifs"
"pentobarbital"	"barbituriques"
"pentobarbital"	"médicaments sédatifs"
"pentostatine"	"cytotoxiques"
"pérampanel"	"anticonvulsivants métabolisés"
"pérampanel"	"médicaments sédatifs"
"pergolide"	"alcaloïdes de l'ergot de seigle dopaminergiques"
"pergolide"	"antiparkinsoniens dopaminergiques"
"pergolide"	"dopaminergiques"
"pergolide"	"médicaments sédatifs"
"pergolide"	"médicaments à l'origine d'une hypotension orthostatique"
"perindopril tert-butylamine"	"antihypertenseurs sauf alpha-bloquants"
"perindopril tert-butylamine"	"hyperkaliémiants"
"perindopril tert-butylamine"	"inhibiteurs de l'enzyme de conversion"
"perindopril tert-butylamine"	"médicaments abaissant la pression artérielle"
"perphenazine"	"médicaments abaissant le seuil épileptogène"
"perphenazine"	"médicaments atropiniques"
"perphenazine"	"médicaments sédatifs"
"perphenazine"	"médicaments à l'origine d'une hypotension orthostatique"
"perphenazine"	"neuroleptiques"
"perphenazine"	"neuroleptiques antipsychotiques (sauf clozapine)"
"pethidine"	"analgésiques morphiniques agonistes"
"pethidine"	"analgésiques morphiniques de palier III"
"pethidine"	"morphiniques"
"pethidine"	"médicaments sédatifs"
"pethidine"	"médicaments à l'origine d'un syndrome sérotoninergique"
"phenindione"	"anticoagulants oraux"
"phenindione"	"antivitamines K"
"pheniramine"	"médicaments atropiniques"
"pheniramine"	"médicaments sédatifs"
"phenobarbital"	"anticonvulsivants inducteurs enzymatiques"
"phenobarbital"	"anticonvulsivants métabolisés"
"phenobarbital"	"barbituriques"
"phenobarbital"	"inducteurs enzymatiques"
"phenobarbital"	"médicaments sédatifs"
"phenobarbital"	"phénobarbital (et, par extrapolation, primidone)"
"phenoperidine"	"analgésiques morphiniques agonistes"
"phenoperidine"	"analgésiques morphiniques de palier III"
"phenoperidine"	"morphiniques"
"phenoxymethylpenicilline"	"pénicillines"
"phenylbutazone"	"anti-inflammatoires non stéroïdiens"
"phenylbutazone"	"hyperkaliémiants"
"phenylephrine"	"sympathomimétiques alpha (voies orale et/ou nasale)"
"phenylephrine"	"sympathomimétiques indirects"
"phenyltoloxamine"	"médicaments atropiniques"
"phenyltoloxamine"	"médicaments sédatifs"
"phenytoine"	"anticonvulsivants inducteurs enzymatiques"
"phenytoine"	"anticonvulsivants métabolisés"
"phenytoine"	"inducteurs enzymatiques"
"phenytoine"	"phénytoïne (et, par extrapolation, fosphénytoïne)"
"pholcodine"	"antitussifs morphine-like"
"pholcodine"	"morphiniques"
"pholcodine"	"médicaments sédatifs"
"pilocarpine"	"bradycardisants"
"pimethixene"	"médicaments atropiniques"
"pimethixene"	"médicaments sédatifs"
"pimozide"	"médicaments susceptibles de donner des torsades de pointes"
"pimozide"	"médicaments sédatifs"
"pimozide"	"médicaments à l'origine d'une hypotension orthostatique"
"pimozide"	"neuroleptiques"
"pimozide"	"neuroleptiques antipsychotiques (sauf clozapine)"
"pimozide"	"neuroleptiques susceptibles de donner des torsades de pointes"
"pimozide"	"substrats à risque du CYP3A4"
"pinazepam"	"benzodiazépines et apparentés"
"pinazepam"	"médicaments sédatifs"
"pindolol"	"antihypertenseurs sauf alpha-bloquants"
"pindolol"	"bradycardisants"
"pindolol"	"bêta-bloquants (sauf esmolol et sotalol)"
"pindolol"	"bêta-bloquants (sauf esmolol)"
"pindolol"	"médicaments abaissant la pression artérielle"
"pioglitazone"	"antidiabétiques glitazones"
"pipamperone"	"médicaments abaissant le seuil épileptogène"
"pipamperone"	"médicaments susceptibles de donner des torsades de pointes"
"pipamperone"	"médicaments sédatifs"
"pipamperone"	"médicaments à l'origine d'une hypotension orthostatique"
"pipamperone"	"neuroleptiques"
"pipamperone"	"neuroleptiques antipsychotiques (sauf clozapine)"
"pipamperone"	"neuroleptiques susceptibles de donner des torsades de pointes"
"piperacilline"	"pénicillines"
"pipéraquine"	"médicaments susceptibles de donner des torsades de pointes"
"piperazine"	"médicaments abaissant le seuil épileptogène"
"piperazine"	"médicaments atropiniques"
"piperazine"	"médicaments sédatifs"
"piperazine"	"médicaments à l'origine d'une hypotension orthostatique"
"piperazine"	"neuroleptiques"
"pipobroman"	"cytotoxiques"
"pipotiazine"	"médicaments abaissant le seuil épileptogène"
"pipotiazine"	"médicaments atropiniques"
"pipotiazine"	"médicaments susceptibles de donner des torsades de pointes"
"pipotiazine"	"médicaments sédatifs"
"pipotiazine"	"médicaments à l'origine d'une hypotension orthostatique"
"pipotiazine"	"neuroleptiques"
"pipotiazine"	"neuroleptiques antipsychotiques (sauf clozapine)"
"pipotiazine"	"neuroleptiques susceptibles de donner des torsades de pointes"
"pirarubicine"	"cytotoxiques"
"piretanide"	"antihypertenseurs sauf alpha-bloquants"
"piretanide"	"diurétiques"
"piretanide"	"diurétiques de l'anse"
"piretanide"	"diurétiques hypokaliémiants"
"piretanide"	"hypokaliémiants"
"piretanide"	"hyponatrémiants"
"piretanide"	"médicaments abaissant la pression artérielle"
"piretanide"	"médicaments ototoxiques"
"piribedil"	"antiparkinsoniens dopaminergiques"
"piribedil"	"dopaminergiques"
"piribedil"	"médicaments sédatifs"
"piribedil"	"médicaments à l'origine d'une hypotension orthostatique"
"piroxicam"	"anti-inflammatoires non stéroïdiens"
"piroxicam"	"hyperkaliémiants"
"piroxicam-betadex"	"anti-inflammatoires non stéroïdiens"
"piroxicam-betadex"	"hyperkaliémiants"
"pitavastatine"	"inhibiteurs de l'HMG-CoA réductase (statines)"
"pivampicilline"	"pénicillines"
"pivampicilline"	"pénicillines A"
"pixantrone"	"cytotoxiques"
"pizotifene"	"médicaments atropiniques"
"pizotifene"	"médicaments sédatifs"
"plicamycine"	"cytotoxiques"
"poly (styrenesulfonate de calcium)"	"résines chélatrices"
"ponatinib"	"inhibiteurs des tyrosine kinases"
"posaconazole"	"antifongiques azolés"
"posaconazole"	"inhibiteurs puissants du CYP3A4"
"potassium"	"hyperkaliémiants"
"potassium (citrate de)"	"citrates"
"povidone"	"topiques gastro-intestinaux, antiacides et adsorbants"
"pramipexole"	"antiparkinsoniens dopaminergiques"
"pramipexole"	"dopaminergiques"
"pramipexole"	"médicaments sédatifs"
"pramipexole"	"médicaments à l'origine d'une hypotension orthostatique"
"prasugrel"	"antiagrégants plaquettaires"
"pravastatine"	"inhibiteurs de l'HMG-CoA réductase (statines)"
"prazepam"	"benzodiazépines et apparentés"
"prazepam"	"médicaments sédatifs"
"prazosine"	"alphabloquants à visée urologique"
"prazosine"	"antihypertenseurs alpha-bloquants"
"prazosine"	"médicaments abaissant la pression artérielle"
"prazosine"	"médicaments à l'origine d'une hypotension orthostatique"
"prednisolone"	"glucocorticoïdes (sauf hydrocortisone)"
"prednisolone"	"hypokaliémiants"
"prednisone"	"glucocorticoïdes (sauf hydrocortisone)"
"prednisone"	"hypokaliémiants"
"pregabaline"	"médicaments sédatifs"
"primidone"	"anticonvulsivants inducteurs enzymatiques"
"primidone"	"anticonvulsivants métabolisés"
"primidone"	"barbituriques"
"primidone"	"inducteurs enzymatiques"
"primidone"	"médicaments sédatifs"
"primidone"	"phénobarbital (et, par extrapolation, primidone)"
"probenecide"	"uricosuriques"
"procarbazine"	"antabuse (réaction)"
"procarbazine"	"cytotoxiques"
"prochlorperazine"	"médicaments abaissant le seuil épileptogène"
"prochlorperazine"	"médicaments atropiniques"
"prochlorperazine"	"médicaments sédatifs"
"prochlorperazine"	"médicaments à l'origine d'une hypotension orthostatique"
"prochlorperazine"	"neuroleptiques"
"prochlorperazine"	"neuroleptiques antipsychotiques (sauf clozapine)"
"progesterone"	"progestatifs non contraceptifs, associés ou non à un estrogène"
"promegestone"	"progestatifs non contraceptifs, associés ou non à un estrogène"
"promestriene"	"estrogènes non contraceptifs"
"promethazine"	"hypnotiques"
"promethazine"	"médicaments abaissant le seuil épileptogène"
"promethazine"	"médicaments atropiniques"
"promethazine"	"médicaments sédatifs"
"promethazine"	"médicaments à l'origine d'une hypotension orthostatique"
"promethazine"	"neuroleptiques"
"propafenone"	"antiarythmiques"
"propafenone"	"antiarythmiques classe I (sauf lidocaïne)"
"propericiazine"	"médicaments abaissant le seuil épileptogène"
"propericiazine"	"médicaments atropiniques"
"propericiazine"	"médicaments sédatifs"
"propericiazine"	"médicaments à l'origine d'une hypotension orthostatique"
"propericiazine"	"neuroleptiques"
"propericiazine"	"neuroleptiques antipsychotiques (sauf clozapine)"
"propranolol"	"antihypertenseurs sauf alpha-bloquants"
"propranolol"	"bradycardisants"
"propranolol"	"bêta-bloquants (sauf esmolol et sotalol)"
"propranolol"	"bêta-bloquants (sauf esmolol)"
"propranolol"	"médicaments abaissant la pression artérielle"
"prucalopride"	"médicaments susceptibles de donner des torsades de pointes"
"prucalopride"	"torsadogènes (sauf antiparasitaires, neuroleptiques, méthadone)"
"pseudoephedrine"	"sympathomimétiques indirects"
"pyridostigmine"	"anticholinestérasiques"
"pyridostigmine"	"bradycardisants"
"quetiapine"	"substrats à risque du CYP3A4"
"quinagolide"	"dopaminergiques"
"quinagolide"	"dopaminergiques, hors Parkinson"
"quinagolide"	"médicaments sédatifs"
"quinapril"	"antihypertenseurs sauf alpha-bloquants"
"quinapril"	"hyperkaliémiants"
"quinapril"	"inhibiteurs de l'enzyme de conversion"
"quinapril"	"médicaments abaissant la pression artérielle"
"quinidine"	"antiarythmiques"
"quinidine"	"antiarythmiques classe I (sauf lidocaïne)"
"quinidine"	"antiarythmiques classe Ia"
"quinidine"	"bradycardisants"
"quinidine"	"médicaments atropiniques"
"quinidine"	"médicaments susceptibles de donner des torsades de pointes"
"quinidine"	"torsadogènes (sauf antiparasitaires, neuroleptiques, méthadone)"
"quinine"	"substrats à risque du CYP3A4"
"rabeprazole"	"antisécrétoires inhibiteurs de la pompe à protons"
"raltitrexed"	"cytotoxiques"
"ramipril"	"antihypertenseurs sauf alpha-bloquants"
"ramipril"	"hyperkaliémiants"
"ramipril"	"inhibiteurs de l'enzyme de conversion"
"ramipril"	"médicaments abaissant la pression artérielle"
"ranitidine"	"antisécrétoires antihistaminiques H2"
"rasagiline"	"IMAO-B réversibles"
"rasagiline"	"antiparkinsoniens dopaminergiques"
"rasagiline"	"dopaminergiques"
"rasagiline"	"médicaments sédatifs"
"rasagiline"	"médicaments à l'origine d'une hypotension orthostatique"
"reglisse"	"hypokaliémiants"
"remifentanil"	"analgésiques morphiniques agonistes"
"remifentanil"	"analgésiques morphiniques de palier III"
"remifentanil"	"morphiniques"
"remifentanil"	"médicaments sédatifs"
"repaglinide"	"glinides"
"reteplase"	"thrombolytiques"
"retigabine"	"anticonvulsivants métabolisés"
"reviparine"	"hyperkaliémiants"
"reviparine"	"héparines"
"reviparine"	"héparines de bas poids moléculaire et apparentés (doses curatives et/ou sujet âgé)"
"reviparine"	"héparines de bas poids moléculaire et apparentés (doses préventives)"
"rhubarbe"	"hypokaliémiants"
"ricin"	"hypokaliémiants"
"ricinus communis"	"hypokaliémiants"
"rifabutine"	"inducteurs enzymatiques"
"rifampicine"	"inducteurs enzymatiques"
"rilmenidine"	"antihypertenseurs centraux"
"rilmenidine"	"antihypertenseurs sauf alpha-bloquants"
"rilmenidine"	"médicaments abaissant la pression artérielle"
"rilmenidine"	"médicaments sédatifs"
"riociguat"	"médicaments à l'origine d'une hypotension orthostatique"
"risperidone"	"médicaments sédatifs"
"risperidone"	"médicaments à l'origine d'une hypotension orthostatique"
"risperidone"	"neuroleptiques"
"risperidone"	"neuroleptiques antipsychotiques (sauf clozapine)"
"ritodrine"	"bêta-2 mimétiques"
"ritonavir"	"inhibiteurs de protéases boostés par ritonavir"
"ritonavir"	"inhibiteurs puissants du CYP3A4"
"rivaroxaban"	"anticoagulants oraux"
"rivastigmine"	"anticholinestérasiques"
"rivastigmine"	"bradycardisants"
"rizatriptan"	"triptans"
"rizatriptan"	"triptans métabolisés par la MAO"
"rocuronium"	"curares"
"rocuronium"	"curares non dépolarisants"
"rofecoxib"	"anti-inflammatoires non stéroïdiens"
"rofecoxib"	"hyperkaliémiants"
"ropinirole"	"antiparkinsoniens dopaminergiques"
"ropinirole"	"dopaminergiques"
"ropinirole"	"médicaments sédatifs"
"ropinirole"	"médicaments à l'origine d'une hypotension orthostatique"
"ropinirole"	"médicaments à risque lors du sevrage tabagique"
"rosiglitazone"	"antidiabétiques glitazones"
"rosuvastatine"	"inhibiteurs de l'HMG-CoA réductase (statines)"
"rotavirus"	"vaccins vivants atténués"
"rotigotine"	"antiparkinsoniens dopaminergiques"
"rotigotine"	"dopaminergiques"
"rotigotine"	"médicaments sédatifs"
"roxatidine"	"antisécrétoires antihistaminiques H2"
"roxithromycine"	"macrolides (sauf spiramycine)"
"rupatadine"	"médicaments sédatifs"
"ruxolitinib"	"inhibiteurs des tyrosine kinases"
"salbutamol"	"bêta-2 mimétiques"
"saquinavir"	"inhibiteurs de protéases boostés par ritonavir"
"saxagliptine"	"gliptines"
"scopolamine"	"médicaments atropiniques"
"secbutabarbital"	"barbituriques"
"secbutabarbital"	"médicaments sédatifs"
"secnidazole"	"antabuse (réaction)"
"sécobarbital"	"barbituriques"
"selegiline"	"IMAO-B réversibles"
"selegiline"	"antiparkinsoniens dopaminergiques"
"selegiline"	"dopaminergiques"
"selegiline"	"médicaments sédatifs"
"selegiline"	"médicaments à l'origine d'une hypotension orthostatique"
"sene"	"hypokaliémiants"
"sene de khartoum"	"hypokaliémiants"
"sene de l'inde"	"hypokaliémiants"
"sertraline"	"hyponatrémiants"
"sertraline"	"inhibiteurs sélectifs de la recapture de la sérotonine"
"sertraline"	"médicaments abaissant le seuil épileptogène"
"sertraline"	"médicaments à l'origine d'un syndrome sérotoninergique"
"sevelamer"	"résines chélatrices"
"sevoflurane"	"anesthésiques volatils halogénés"
"sibutramine"	"médicaments mixtes adrénergiques-sérotoninergiques"
"sibutramine"	"médicaments à l'origine d'un syndrome sérotoninergique"
"sildenafil"	"inhibiteurs de la phosphodiesterase de type 5"
"sildenafil"	"médicaments à l'origine d'une hypotension orthostatique"
"silicone"	"huiles minérales"
"silodosine"	"alphabloquants à visée urologique"
"silodosine"	"médicaments à l'origine d'une hypotension orthostatique"
"simvastatine"	"inhibiteurs de l'HMG-CoA réductase (statines)"
"simvastatine"	"substrats à risque du CYP3A4"
"sirolimus"	"immunosuppresseurs"
"sirolimus"	"substrats à risque du CYP3A4"
"sitagliptine"	"gliptines"
"sodium (bicarbonate de)"	"alcalinisants urinaires"
"sodium (citrate de)"	"citrates"
"sodium (citrate diacide de)"	"citrates"
"sodium (docusate de)"	"hypokaliémiants"
"sodium (picosulfate de)"	"hypokaliémiants"
"sodium (ricinoleate de)"	"hypokaliémiants"
"solifenacine"	"médicaments atropiniques"
"sorafenib"	"inhibiteurs des tyrosine kinases"
"sorafenib"	"substrats à risque du CYP3A4"
"sotalol"	"antiarythmiques"
"sotalol"	"antihypertenseurs sauf alpha-bloquants"
"sotalol"	"bradycardisants"
"sotalol"	"bêta-bloquants (sauf esmolol)"
"sotalol"	"médicaments abaissant la pression artérielle"
"sotalol"	"médicaments susceptibles de donner des torsades de pointes"
"sotalol"	"torsadogènes (sauf antiparasitaires, neuroleptiques, méthadone)"
"spectinomycine"	"médicaments néphrotoxiques"
"spiramycine"	"médicaments susceptibles de donner des torsades de pointes"
"spiramycine"	"torsadogènes (sauf antiparasitaires, neuroleptiques, méthadone)"
"spirapril"	"antihypertenseurs sauf alpha-bloquants"
"spirapril"	"hyperkaliémiants"
"spirapril"	"inhibiteurs de l'enzyme de conversion"
"spirapril"	"médicaments abaissant la pression artérielle"
"spironolactone"	"antihypertenseurs sauf alpha-bloquants"
"spironolactone"	"diurétiques"
"spironolactone"	"diurétiques épargneurs de potassium (seuls ou associés)"
"spironolactone"	"hyperkaliémiants"
"spironolactone"	"hyponatrémiants"
"spironolactone"	"médicaments abaissant la pression artérielle"
"streptokinase"	"thrombolytiques"
"streptomycine"	"aminosides"
"streptomycine"	"médicaments néphrotoxiques"
"streptomycine"	"médicaments ototoxiques"
"streptozocine"	"cytotoxiques"
"streptozocine"	"médicaments néphrotoxiques"
"sufentanil"	"analgésiques morphiniques agonistes"
"sufentanil"	"analgésiques morphiniques de palier III"
"sufentanil"	"morphiniques"
"sufentanil"	"médicaments sédatifs"
"sufentanil"	"substrats à risque du CYP3A4"
"sulfacetamide"	"sulfamides antibactériens"
"sulfadiazine"	"sulfamides antibactériens"
"sulfadoxine"	"sulfamides antibactériens"
"sulfafurazol"	"sulfamides antibactériens"
"sulfaguanidine"	"sulfamides antibactériens"
"sulfamethizol"	"sulfamides antibactériens"
"sulfamethoxazole"	"sulfamides antibactériens"
"sulfamoxole"	"sulfamides antibactériens"
"sulfasalazine"	"dérivés de l'acide aminosalicylique (ASA)"
"sulindac"	"anti-inflammatoires non stéroïdiens"
"sulindac"	"hyperkaliémiants"
"sulpiride"	"médicaments susceptibles de donner des torsades de pointes"
"sulpiride"	"médicaments sédatifs"
"sulpiride"	"médicaments à l'origine d'une hypotension orthostatique"
"sulpiride"	"neuroleptiques"
"sulpiride"	"neuroleptiques antipsychotiques (sauf clozapine)"
"sulpiride"	"neuroleptiques susceptibles de donner des torsades de pointes"
"sultopride"	"médicaments susceptibles de donner des torsades de pointes"
"sultopride"	"médicaments sédatifs"
"sultopride"	"médicaments à l'origine d'une hypotension orthostatique"
"sultopride"	"neuroleptiques"
"sultopride"	"neuroleptiques antipsychotiques (sauf clozapine)"
"sultopride"	"neuroleptiques susceptibles de donner des torsades de pointes"
"sumatriptan"	"triptans"
"sumatriptan"	"triptans métabolisés par la MAO"
"sunitinib"	"inhibiteurs des tyrosine kinases"
"sunitinib"	"substrats à risque du CYP3A4"
"suxamethonium"	"curares"
"synephrine"	"sympathomimétiques alpha (voies orale et/ou nasale)"
"tacrolimus"	"hyperkaliémiants"
"tacrolimus"	"immunosuppresseurs"
"tacrolimus"	"médicaments néphrotoxiques"
"tacrolimus"	"substrats à risque du CYP3A4"
"tadalafil"	"inhibiteurs de la phosphodiesterase de type 5"
"tadalafil"	"médicaments à l'origine d'une hypotension orthostatique"
"tamsulosine"	"alphabloquants à visée urologique"
"tamsulosine"	"médicaments abaissant la pression artérielle"
"tamsulosine"	"médicaments à l'origine d'une hypotension orthostatique"
"tapentadol"	"analgésiques morphiniques agonistes"
"tapentadol"	"analgésiques morphiniques de palier III"
"tapentadol"	"médicaments sédatifs"
"tegafur"	"cytotoxiques"
"tegafur"	"fluorouracile (et, par extrapolation, tegafur et capécitabine)"
"teicoplanine"	"médicaments néphrotoxiques"
"teicoplanine"	"médicaments ototoxiques"
"telaprevir"	"inhibiteurs puissants du CYP3A4"
"telithromycine"	"inhibiteurs puissants du CYP3A4"
"telithromycine"	"macrolides (sauf spiramycine)"
"telmisartan"	"antagonistes des récepteurs de l'angiotensine II"
"telmisartan"	"antihypertenseurs sauf alpha-bloquants"
"telmisartan"	"hyperkaliémiants"
"telmisartan"	"médicaments abaissant la pression artérielle"
"temazepam"	"benzodiazépines et apparentés"
"temazepam"	"hypnotiques"
"temazepam"	"médicaments sédatifs"
"temozolomide"	"cytotoxiques"
"temsirolimus"	"immunosuppresseurs"
"tenecteplase"	"thrombolytiques"
"tenofovir disoproxil"	"médicaments néphrotoxiques"
"tenonitrozole"	"antabuse (réaction)"
"tenoxicam"	"anti-inflammatoires non stéroïdiens"
"tenoxicam"	"hyperkaliémiants"
"terazosine"	"alphabloquants à visée urologique"
"terazosine"	"médicaments abaissant la pression artérielle"
"terazosine"	"médicaments à l'origine d'une hypotension orthostatique"
"terbutaline"	"bêta-2 mimétiques"
"terpine"	"médicaments abaissant le seuil épileptogène"
"terpineol"	"médicaments abaissant le seuil épileptogène"
"terpinol"	"médicaments abaissant le seuil épileptogène"
"tertatolol"	"antihypertenseurs sauf alpha-bloquants"
"tertatolol"	"bradycardisants"
"tertatolol"	"bêta-bloquants (sauf esmolol et sotalol)"
"tertatolol"	"bêta-bloquants (sauf esmolol)"
"tertatolol"	"médicaments abaissant la pression artérielle"
"testosterone"	"androgènes"
"tetrabenazine"	"médicaments sédatifs"
"tetracosactide"	"glucocorticoïdes (sauf hydrocortisone)"
"tetracosactide"	"hypokaliémiants"
"tetracycline"	"cyclines"
"tetrazepam"	"benzodiazépines et apparentés"
"tetrazepam"	"médicaments sédatifs"
"tetryzoline"	"sympathomimétiques alpha (voies orale et/ou nasale)"
"thalidomide"	"bradycardisants"
"thalidomide"	"médicaments sédatifs"
"thenyldiamine"	"médicaments atropiniques"
"thenyldiamine"	"médicaments sédatifs"
"theodrenaline"	"sympathomimétiques indirects"
"theophylline"	"médicaments à risque lors du sevrage tabagique"
"theophylline"	"théophylline (et, par extrapolation, aminophylline)"
"thiomersal"	"antiseptiques mercuriels"
"thiopental"	"barbituriques"
"thiopental"	"médicaments sédatifs"
"thioproperazine"	"médicaments abaissant le seuil épileptogène"
"thioproperazine"	"médicaments atropiniques"
"thioproperazine"	"médicaments sédatifs"
"thioproperazine"	"médicaments à l'origine d'une hypotension orthostatique"
"thioproperazine"	"neuroleptiques"
"thioproperazine"	"neuroleptiques antipsychotiques (sauf clozapine)"
"thiotepa"	"cytotoxiques"
"thymol"	"médicaments abaissant le seuil épileptogène"
"thyroxines"	"hormones thyroïdiennes"
"tiagabine"	"anticonvulsivants métabolisés"
"tiapride"	"médicaments susceptibles de donner des torsades de pointes"
"tiapride"	"médicaments sédatifs"
"tiapride"	"médicaments à l'origine d'une hypotension orthostatique"
"tiapride"	"neuroleptiques"
"tiapride"	"neuroleptiques antipsychotiques (sauf clozapine)"
"tiapride"	"neuroleptiques susceptibles de donner des torsades de pointes"
"ticagrelor"	"antiagrégants plaquettaires"
"ticarcilline"	"pénicillines"
"ticarcilline"	"pénicillines A"
"ticlopidine"	"antiagrégants plaquettaires"
"tigecycline"	"cyclines"
"timolol"	"antihypertenseurs sauf alpha-bloquants"
"timolol"	"bradycardisants"
"timolol"	"bêta-bloquants (sauf esmolol et sotalol)"
"timolol"	"bêta-bloquants (sauf esmolol)"
"timolol"	"médicaments abaissant la pression artérielle"
"tinidazole"	"antabuse (réaction)"
"tinzaparine"	"hyperkaliémiants"
"tinzaparine"	"héparines"
"tinzaparine"	"héparines de bas poids moléculaire et apparentés (doses curatives et/ou sujet âgé)"
"tinzaparine"	"héparines de bas poids moléculaire et apparentés (doses préventives)"
"tioclomarol"	"anticoagulants oraux"
"tioguanine"	"cytotoxiques"
"tipranavir"	"inhibiteurs de protéases boostés par ritonavir"
"tiratricol"	"hormones thyroïdiennes"
"tirofiban"	"antiagrégants plaquettaires"
"tobramycine"	"aminosides"
"tobramycine"	"médicaments néphrotoxiques"
"tobramycine"	"médicaments ototoxiques"
"tolbutamide"	"antabuse (réaction)"
"tolbutamide"	"sulfamides hypoglycémiants"
"tolcapone"	"antiparkinsoniens dopaminergiques"
"tolcapone"	"dopaminergiques"
"tolcapone"	"inhibiteurs de la catéchol-O-méthyltransférase (COMT)"
"tolcapone"	"médicaments sédatifs"
"tolcapone"	"médicaments à l'origine d'une hypotension orthostatique"
"tolterodine"	"médicaments atropiniques"
"topiramate"	"anticonvulsivants métabolisés"
"topotecane"	"cytotoxiques"
"torasemide"	"antihypertenseurs sauf alpha-bloquants"
"torasemide"	"diurétiques"
"torasemide"	"diurétiques de l'anse"
"torasemide"	"diurétiques hypokaliémiants"
"torasemide"	"hypokaliémiants"
"torasemide"	"hyponatrémiants"
"torasemide"	"médicaments abaissant la pression artérielle"
"torasemide"	"médicaments ototoxiques"
"toremifene"	"médicaments susceptibles de donner des torsades de pointes"
"toremifene"	"torsadogènes (sauf antiparasitaires, neuroleptiques, méthadone)"
"tramadol"	"analgésiques morphiniques agonistes"
"tramadol"	"analgésiques morphiniques de palier II"
"tramadol"	"morphiniques"
"tramadol"	"médicaments abaissant le seuil épileptogène"
"tramadol"	"médicaments sédatifs"
"tramadol"	"médicaments à l'origine d'un syndrome sérotoninergique"
"trandolapril"	"antihypertenseurs sauf alpha-bloquants"
"trandolapril"	"hyperkaliémiants"
"trandolapril"	"inhibiteurs de l'enzyme de conversion"
"trandolapril"	"médicaments abaissant la pression artérielle"
"trétinoïne"	"rétinoïdes"
"triamcinolone"	"glucocorticoïdes (sauf hydrocortisone)"
"triamcinolone"	"hypokaliémiants"
"triamterene"	"antihypertenseurs sauf alpha-bloquants"
"triamterene"	"diurétiques"
"triamterene"	"diurétiques épargneurs de potassium (seuls ou associés)"
"triamterene"	"hyperkaliémiants"
"triamterene"	"hyponatrémiants"
"triamterene"	"médicaments abaissant la pression artérielle"
"trifluoperazine"	"médicaments abaissant le seuil épileptogène"
"trifluoperazine"	"médicaments atropiniques"
"trifluoperazine"	"médicaments sédatifs"
"trifluoperazine"	"médicaments à l'origine d'une hypotension orthostatique"
"trifluoperazine"	"neuroleptiques"
"trifluoperazine"	"neuroleptiques antipsychotiques (sauf clozapine)"
"trifluperidol"	"médicaments abaissant le seuil épileptogène"
"trifluperidol"	"médicaments sédatifs"
"trifluperidol"	"médicaments à l'origine d'une hypotension orthostatique"
"trifluperidol"	"neuroleptiques"
"trifluperidol"	"neuroleptiques antipsychotiques (sauf clozapine)"
"trihexyphenidyle"	"antiparkinsoniens anticholinergiques"
"trihexyphenidyle"	"médicaments atropiniques"
"trimethoprime"	"hyperkaliémiants"
"trimipramine"	"antidépresseurs imipraminiques"
"trimipramine"	"médicaments abaissant le seuil épileptogène"
"trimipramine"	"médicaments atropiniques"
"trimipramine"	"médicaments mixtes adrénergiques-sérotoninergiques"
"trimipramine"	"médicaments sédatifs"
"trimipramine"	"médicaments à l'origine d'un syndrome sérotoninergique"
"trimipramine"	"médicaments à l'origine d'une hypotension orthostatique"
"trinitrine"	"dérivés nitrés et apparentés"
"trinitrine"	"médicaments à l'origine d'une hypotension orthostatique"
"triprolidine"	"médicaments atropiniques"
"triprolidine"	"médicaments sédatifs"
"trometamol"	"alcalinisants urinaires"
"tropatepine"	"antiparkinsoniens anticholinergiques"
"tropatepine"	"médicaments atropiniques"
"tropicamide"	"médicaments atropiniques"
"trospium"	"médicaments atropiniques"
"tuaminoheptane"	"sympathomimétiques alpha (voies orale et/ou nasale)"
"tymazoline"	"sympathomimétiques alpha (voies orale et/ou nasale)"
"urapidil"	"antihypertenseurs alpha-bloquants"
"urapidil"	"médicaments abaissant la pression artérielle"
"urokinase"	"thrombolytiques"
"valaciclovir"	"médicaments néphrotoxiques"
"valdecoxib"	"anti-inflammatoires non stéroïdiens"
"valdecoxib"	"hyperkaliémiants"
"valganciclovir"	"médicaments néphrotoxiques"
"valpromide"	"anticonvulsivants métabolisés"
"valpromide"	"valproïque (acide) et, par extrapolation, valpromide"
"valsartan"	"antagonistes des récepteurs de l'angiotensine II"
"valsartan"	"antihypertenseurs sauf alpha-bloquants"
"valsartan"	"hyperkaliémiants"
"valsartan"	"médicaments abaissant la pression artérielle"
"vancomycine"	"médicaments néphrotoxiques"
"vancomycine"	"médicaments ototoxiques"
"vandétanib"	"inhibiteurs des tyrosine kinases"
"vandétanib"	"médicaments susceptibles de donner des torsades de pointes"
"vandétanib"	"torsadogènes (sauf antiparasitaires, neuroleptiques, méthadone)"
"vardenafil"	"inhibiteurs de la phosphodiesterase de type 5"
"vardenafil"	"médicaments à l'origine d'une hypotension orthostatique"
"vardenafil"	"substrats à risque du CYP3A4"
"vecuronium"	"curares"
"vecuronium"	"curares non dépolarisants"
"venlafaxine"	"médicaments mixtes adrénergiques-sérotoninergiques"
"venlafaxine"	"médicaments à l'origine d'un syndrome sérotoninergique"
"verapamil"	"antagonistes des canaux calciques"
"verapamil"	"antiarythmiques"
"verapamil"	"antihypertenseurs sauf alpha-bloquants"
"verapamil"	"bradycardisants"
"verapamil"	"médicaments abaissant la pression artérielle"
"vildagliptine"	"gliptines"
"vinbarbital"	"barbituriques"
"vinblastine"	"cytotoxiques"
"vinblastine"	"vinca-alcaloïdes cytotoxiques"
"vincamine"	"médicaments susceptibles de donner des torsades de pointes"
"vincamine"	"torsadogènes (sauf antiparasitaires, neuroleptiques, méthadone)"
"vincristine"	"cytotoxiques"
"vincristine"	"vinca-alcaloïdes cytotoxiques"
"vindesine"	"cytotoxiques"
"vindesine"	"vinca-alcaloïdes cytotoxiques"
"vinflunine"	"cytotoxiques"
"vinflunine"	"vinca-alcaloïdes cytotoxiques"
"vinorelbine"	"cytotoxiques"
"vinorelbine"	"vinca-alcaloïdes cytotoxiques"
"vinylbital"	"barbituriques"
"vinylbital"	"médicaments sédatifs"
"virus de la fievre jaune"	"vaccins vivants atténués"
"virus de la varicelle"	"vaccins vivants atténués"
"virus des oreillons"	"vaccins vivants atténués"
"virus rougeoleux"	"vaccins vivants atténués"
"virus rubeoleux"	"vaccins vivants atténués"
"virus vivant atténué de la grippe"	"vaccins vivants atténués"
"voriconazole"	"antifongiques azolés"
"voriconazole"	"inhibiteurs puissants du CYP3A4"
"warfarine"	"anticoagulants oraux"
"warfarine"	"antivitamines K"
"xipamide"	"antihypertenseurs sauf alpha-bloquants"
"xipamide"	"diurétiques"
"xipamide"	"diurétiques hypokaliémiants"
"xipamide"	"diurétiques thiazidiques et apparentés"
"xipamide"	"hypokaliémiants"
"xipamide"	"hyponatrémiants"
"xipamide"	"médicaments abaissant la pression artérielle"
"zofenopril"	"antihypertenseurs sauf alpha-bloquants"
"zofenopril"	"hyperkaliémiants"
"zofenopril"	"inhibiteurs de l'enzyme de conversion"
"zofenopril"	"médicaments abaissant la pression artérielle"
"zolmitriptan"	"triptans"
"zolmitriptan"	"triptans métabolisés par la MAO"
"zolpidem"	"benzodiazépines et apparentés"
"zolpidem"	"hypnotiques"
"zolpidem"	"médicaments sédatifs"
"zonisamide"	"anticonvulsivants métabolisés"
"zopiclone"	"benzodiazépines et apparentés"
"zopiclone"	"hypnotiques"
"zopiclone"	"médicaments sédatifs"
"zuclopenthixol"	"médicaments susceptibles de donner des torsades de pointes"
"zuclopenthixol"	"médicaments sédatifs"
"zuclopenthixol"	"médicaments à l'origine d'une hypotension orthostatique"
"zuclopenthixol"	"neuroleptiques"
"zuclopenthixol"	"neuroleptiques antipsychotiques (sauf clozapine)"
"zuclopenthixol"	"neuroleptiques susceptibles de donner des torsades de pointes"
