molecule	famille
ABCIXIMAB (C 7E3B FAB)	ANTIAGREGANTS PLAQUETTAIRES
ACEBUTOLOL	ANTIHYPERTENSEURS SAUF ALPHA-BLOQUANTS
ACEBUTOLOL	BRADYCARDISANTS
ACEBUTOLOL	BETA-BLOQUANTS (SAUF ESMOLOL ET SOTALOL)
ACEBUTOLOL	BETA-BLOQUANTS (SAUF ESMOLOL)
ACEBUTOLOL	MEDICAMENTS ABAISSANT LA PRESSION ARTERIELLE
ACECLOFENAC	ANTI-INFLAMMATOIRES NON STEROIDIENS
ACECLOFENAC	HYPERKALIEMIANTS
ACENOCOUMAROL	ANTICOAGULANTS ORAUX
ACENOCOUMAROL	ANTIVITAMINES K
ACETAZOLAMIDE	ALCALINISANTS URINAIRES
ACETYLSULFAFURAZOL	MEDICAMENTS METHEMOGLOBINISANTS
ACETYLSULFAFURAZOL	SULFAMIDES ANTIBACTERIENS
ACICLOVIR	MEDICAMENTS NEPHROTOXIQUES
ACIDE ACETYLSALICYLIQUE	ANTIAGREGANTS PLAQUETTAIRES
ACIDE ACETYLSALICYLIQUE	SUBSTANCES A ABSORPTION REDUITE PAR LES TOPIQUES GASTRO-INTESTINAUX, ANTIACIDES ET ADSORBANTS
ACIDE ALENDRONIQUE	BISPHOSPHONATES
ACIDE ALENDRONIQUE	SUBSTANCES A ABSORPTION REDUITE PAR LES TOPIQUES GASTRO-INTESTINAUX, ANTIACIDES ET ADSORBANTS
ACIDE AMIDOTRIZOIQUE	MEDICAMENTS NEPHROTOXIQUES
ACIDE AMIDOTRIZOIQUE	PRODUITS DE CONTRASTE IODES
ACIDE CLODRONIQUE	BISPHOSPHONATES
ACIDE CLODRONIQUE	MEDICAMENTS NEPHROTOXIQUES
ACIDE CLODRONIQUE	SUBSTANCES A ABSORPTION REDUITE PAR LES TOPIQUES GASTRO-INTESTINAUX, ANTIACIDES ET ADSORBANTS
ACIDE ETIDRONIQUE	BISPHOSPHONATES
ACIDE ETIDRONIQUE	SUBSTANCES A ABSORPTION REDUITE PAR LES TOPIQUES GASTRO-INTESTINAUX, ANTIACIDES ET ADSORBANTS
ACIDE FOLINIQUE	FOLATES
ACIDE FOLIQUE	FOLATES
ACIDE IBANDRONIQUE	BISPHOSPHONATES
ACIDE IBANDRONIQUE	SUBSTANCES A ABSORPTION REDUITE PAR LES TOPIQUES GASTRO-INTESTINAUX, ANTIACIDES ET ADSORBANTS
ACIDE IOXAGLIQUE	MEDICAMENTS NEPHROTOXIQUES
ACIDE IOXAGLIQUE	PRODUITS DE CONTRASTE IODES
ACIDE IOXITALAMIQUE	MEDICAMENTS NEPHROTOXIQUES
ACIDE IOXITALAMIQUE	PRODUITS DE CONTRASTE IODES
ACIDE MEFENAMIQUE	ANTI-INFLAMMATOIRES NON STEROIDIENS
ACIDE MEFENAMIQUE	HYPERKALIEMIANTS
ACIDE NIFLUMIQUE	ANTI-INFLAMMATOIRES NON STEROIDIENS
ACIDE NIFLUMIQUE	HYPERKALIEMIANTS
ACIDE OXIDRONIQUE	BISPHOSPHONATES
ACIDE OXIDRONIQUE	SUBSTANCES A ABSORPTION REDUITE PAR LES TOPIQUES GASTRO-INTESTINAUX, ANTIACIDES ET ADSORBANTS
ACIDE PAMIDRONIQUE	BISPHOSPHONATES
ACIDE PAMIDRONIQUE	SUBSTANCES A ABSORPTION REDUITE PAR LES TOPIQUES GASTRO-INTESTINAUX, ANTIACIDES ET ADSORBANTS
ACIDE RISEDRONIQUE	BISPHOSPHONATES
ACIDE RISEDRONIQUE	SUBSTANCES A ABSORPTION REDUITE PAR LES TOPIQUES GASTRO-INTESTINAUX, ANTIACIDES ET ADSORBANTS
ACIDE TIAPROFENIQUE	ANTI-INFLAMMATOIRES NON STEROIDIENS
ACIDE TIAPROFENIQUE	HYPERKALIEMIANTS
ACIDE TILUDRONIQUE	BISPHOSPHONATES
ACIDE TILUDRONIQUE	SUBSTANCES A ABSORPTION REDUITE PAR LES TOPIQUES GASTRO-INTESTINAUX, ANTIACIDES ET ADSORBANTS
ACIDE VALPROIQUE	ANTICONVULSIVANTS METABOLISES
ACIDE VALPROIQUE	VALPROIQUE (ACIDE) ET, PAR EXTRAPOLATION, VALPROMIDE
ACIDE ZOLEDRONIQUE	BISPHOSPHONATES
ACIDE ZOLEDRONIQUE	SUBSTANCES A ABSORPTION REDUITE PAR LES TOPIQUES GASTRO-INTESTINAUX, ANTIACIDES ET ADSORBANTS
ACITRETINE	RETINOIDES
ADALIMUMAB	ANTI-TNF ALPHA
ADEFOVIR	MEDICAMENTS NEPHROTOXIQUES
ADRENALINE	ADRENALINE (VOIE BUCCO-DENTAIRE OU SOUS-CUTANEE)
ADRENALINE	SYMPATHOMIMETIQUES ALPHA ET BETA (VOIE IM ET IV)
AGOMELATINE	MEDICAMENTS SEDATIFS
ALFACALCIDOL	VITAMINE D
ALFENTANIL	ANALGESIQUES MORPHINIQUES AGONISTES
ALFENTANIL	ANALGESIQUES MORPHINIQUES DE PALIER III
ALFENTANIL	MORPHINIQUES
ALFENTANIL	MEDICAMENTS SEDATIFS
ALFENTANIL	SUBSTRATS A RISQUE DU CYP3A4
ALFUZOSINE	ALPHABLOQUANTS A VISEE UROLOGIQUE
ALFUZOSINE	MEDICAMENTS A L'ORIGINE D'UNE HYPOTENSION ORTHOSTATIQUE
ALIMEMAZINE	HYPNOTIQUES
ALIMEMAZINE	MEDICAMENTS ABAISSANT LE SEUIL EPILEPTOGENE
ALIMEMAZINE	MEDICAMENTS ATROPINIQUES
ALIMEMAZINE	MEDICAMENTS SEDATIFS
ALIMEMAZINE	MEDICAMENTS A L'ORIGINE D'UNE HYPOTENSION ORTHOSTATIQUE
ALIMEMAZINE	NEUROLEPTIQUES
ALIMEMAZINE	SUBSTANCES A ABSORPTION REDUITE PAR LES TOPIQUES GASTRO-INTESTINAUX, ANTIACIDES ET ADSORBANTS
ALISKIREN	ANTIHYPERTENSEURS SAUF ALPHA-BLOQUANTS
ALISKIREN	MEDICAMENTS ABAISSANT LA PRESSION ARTERIELLE
ALITRETINOINE	RETINOIDES
ALIZAPRIDE	MEDICAMENTS SEDATIFS
ALIZAPRIDE	MEDICAMENTS A L'ORIGINE D'UNE HYPOTENSION ORTHOSTATIQUE
ALIZAPRIDE	NEUROLEPTIQUES
ALIZAPRIDE	NEUROLEPTIQUES ANTIEMETIQUES
ALLOPURINOL	INHIBITEURS DE LA XANTHINE OXYDASE
ALMINOPROFENE	ANTI-INFLAMMATOIRES NON STEROIDIENS
ALMINOPROFENE	HYPERKALIEMIANTS
ALMOTRIPTAN	TRIPTANS
ALMOTRIPTAN	TRIPTANS METABOLISES PAR LA MAO
ALPRAZOLAM	BENZODIAZEPINES ET APPARENTES
ALPRAZOLAM	MEDICAMENTS SEDATIFS
ALTEPLASE RECOMBINANTE	THROMBOLYTIQUES
ALTIZIDE	ANTIHYPERTENSEURS SAUF ALPHA-BLOQUANTS
ALTIZIDE	DIURETIQUES
ALTIZIDE	DIURETIQUES HYPOKALIEMIANTS
ALTIZIDE	DIURETIQUES THIAZIDIQUES ET APPARENTES
ALTIZIDE	HYPOKALIEMIANTS
ALTIZIDE	HYPONATREMIANTS
ALTIZIDE	MEDICAMENTS ABAISSANT LA PRESSION ARTERIELLE
ALTRETAMINE	CYTOTOXIQUES
AMANTADINE	ANTIPARKINSONIENS DOPAMINERGIQUES
AMANTADINE	DOPAMINERGIQUES
AMANTADINE	MEDICAMENTS A L'ORIGINE D'UNE HYPOTENSION ORTHOSTATIQUE
AMBENONIUM	ANTICHOLINESTERASIQUES
AMBENONIUM	BRADYCARDISANTS
AMIKACINE	AMINOSIDES
AMIKACINE	MEDICAMENTS NEPHROTOXIQUES
AMIKACINE	MEDICAMENTS OTOTOXIQUES
AMILORIDE	ANTIHYPERTENSEURS SAUF ALPHA-BLOQUANTS
AMILORIDE	DIURETIQUES
AMILORIDE	DIURETIQUES EPARGNEURS DE POTASSIUM (SEULS OU ASSOCIES)
AMILORIDE	HYPERKALIEMIANTS
AMILORIDE	HYPONATREMIANTS
AMILORIDE	MEDICAMENTS ABAISSANT LA PRESSION ARTERIELLE
AMINOPHYLLINE	THEOPHYLLINE (ET, PAR EXTRAPOLATION, AMINOPHYLLINE)
AMIODARONE	ANTIARYTHMIQUES
AMIODARONE	BRADYCARDISANTS
AMIODARONE	SUBSTANCES SUSCEPTIBLES DE DONNER DES TORSADES DE POINTES
AMIODARONE	TORSADOGENES (SAUF ANTIPARASITAIRES, NEUROLEPTIQUES, METHADONE)
AMISULPRIDE	MEDICAMENTS SEDATIFS
AMISULPRIDE	NEUROLEPTIQUES
AMISULPRIDE	NEUROLEPTIQUES ANTIPSYCHOTIQUES (SAUF CLOZAPINE)
AMISULPRIDE	NEUROLEPTIQUES SUSCEPTIBLES DE DONNER DES TORSADES DE POINTES
AMISULPRIDE	SUBSTANCES SUSCEPTIBLES DE DONNER DES TORSADES DE POINTES
AMITRIPTYLINE	ANTIDEPRESSEURS IMIPRAMINIQUES
AMITRIPTYLINE	MEDICAMENTS ABAISSANT LE SEUIL EPILEPTOGENE
AMITRIPTYLINE	MEDICAMENTS ATROPINIQUES
AMITRIPTYLINE	MEDICAMENTS MIXTES ADRENERGIQUES-SEROTONINERGIQUES
AMITRIPTYLINE	MEDICAMENTS SEDATIFS
AMITRIPTYLINE	MEDICAMENTS A L'ORIGINE D'UN SYNDROME SEROTONINERGIQUE
AMITRIPTYLINE	MEDICAMENTS A L'ORIGINE D'UNE HYPOTENSION ORTHOSTATIQUE
AMLODIPINE	ANTAGONISTES DES CANAUX CALCIQUES
AMLODIPINE	ANTIHYPERTENSEURS SAUF ALPHA-BLOQUANTS
AMLODIPINE	DIHYDROPYRIDINES
AMLODIPINE	MEDICAMENTS ABAISSANT LA PRESSION ARTERIELLE
AMOXAPINE	ANTIDEPRESSEURS IMIPRAMINIQUES
AMOXAPINE	MEDICAMENTS ABAISSANT LE SEUIL EPILEPTOGENE
AMOXAPINE	MEDICAMENTS ATROPINIQUES
AMOXAPINE	MEDICAMENTS A L'ORIGINE D'UNE HYPOTENSION ORTHOSTATIQUE
AMOXICILLINE	PENICILLINES
AMOXICILLINE	PENICILLINES A
AMPHOTERICINE B	HYPOKALIEMIANTS
AMPHOTERICINE B	MEDICAMENTS NEPHROTOXIQUES
AMPICILLINE	PENICILLINES
AMPICILLINE	PENICILLINES A
AMSACRINE	CYTOTOXIQUES
ANDROSTANOLONE	ANDROGENES
APIXABAN	ANTICOAGULANTS ORAUX
APIXABAN	SUBSTRATS A RISQUE DU CYP3A4
APOMORPHINE	ANTIPARKINSONIENS DOPAMINERGIQUES
APOMORPHINE	DOPAMINERGIQUES
APOMORPHINE	MEDICAMENTS A L'ORIGINE D'UNE HYPOTENSION ORTHOSTATIQUE
ARGATROBAN	INHIBITEURS DIRECTS DE LA THROMBINE A INDICATION SPECIFIQUE
ARIPIPRAZOLE	MEDICAMENTS SEDATIFS
ARIPIPRAZOLE	MEDICAMENTS A L'ORIGINE D'UNE HYPOTENSION ORTHOSTATIQUE
ARIPIPRAZOLE	NEUROLEPTIQUES
ARIPIPRAZOLE	NEUROLEPTIQUES ANTIPSYCHOTIQUES (SAUF CLOZAPINE)
ARSENIEUX	SUBSTANCES SUSCEPTIBLES DE DONNER DES TORSADES DE POINTES
ARSENIEUX	TORSADOGENES (SAUF ANTIPARASITAIRES, NEUROLEPTIQUES, METHADONE)
ASENAPINE	NEUROLEPTIQUES ANTIPSYCHOTIQUES (SAUF CLOZAPINE)
ASPARAGINASE	CYTOTOXIQUES
ATAZANAVIR	INHIBITEURS DE PROTEASES BOOSTES PAR RITONAVIR
ATENOLOL	ANTIHYPERTENSEURS SAUF ALPHA-BLOQUANTS
ATENOLOL	BRADYCARDISANTS
ATENOLOL	BETA-BLOQUANTS (SAUF ESMOLOL ET SOTALOL)
ATENOLOL	BETA-BLOQUANTS (SAUF ESMOLOL)
ATENOLOL	MEDICAMENTS ABAISSANT LA PRESSION ARTERIELLE
ATENOLOL	SUBSTANCES A ABSORPTION REDUITE PAR LES TOPIQUES GASTRO-INTESTINAUX, ANTIACIDES ET ADSORBANTS
ATORVASTATINE	INHIBITEURS DE L'HMG-COA REDUCTASE (STATINES)
ATORVASTATINE	SUBSTRATS A RISQUE DU CYP3A4
ATRACURIUM	CURARES
ATRACURIUM	CURARES NON DEPOLARISANTS
ATROPINE	MEDICAMENTS ATROPINIQUES
AVANAFIL	INHIBITEURS DE LA PHOSPHODIESTERASE DE TYPE 5
AVANAFIL	MEDICAMENTS A L'ORIGINE D'UNE HYPOTENSION ORTHOSTATIQUE
AVIZAFONE	BENZODIAZEPINES ET APPARENTES
AVIZAFONE	MEDICAMENTS SEDATIFS
AXITINIB	INHIBITEURS DES TYROSINE KINASES METABOLISES
AZACITIDINE	CYTOTOXIQUES
AZATHIOPRINE	ANTIPURINES
AZATHIOPRINE	CYTOTOXIQUES
AZELASTINE	MEDICAMENTS ATROPINIQUES
AZELASTINE	MEDICAMENTS SEDATIFS
AZILSARTAN	ANTAGONISTES DES RECEPTEURS DE L'ANGIOTENSINE II
AZILSARTAN	ANTIHYPERTENSEURS SAUF ALPHA-BLOQUANTS
AZILSARTAN	HYPERKALIEMIANTS
AZILSARTAN	MEDICAMENTS ABAISSANT LA PRESSION ARTERIELLE
AZITHROMYCINE	MACROLIDES (SAUF SPIRAMYCINE)
BACLOFENE	MEDICAMENTS SEDATIFS
BACLOFENE	MEDICAMENTS A L'ORIGINE D'UNE HYPOTENSION ORTHOSTATIQUE
BAMBUTEROL	BETA-2 MIMETIQUES
BCG	VACCINS VIVANTS ATTENUES
BELIMUMAB	ANTICORPS MONOCLONAUX (HORS ANTI-TNF ALPHA)
BENAZEPRIL	ANTIHYPERTENSEURS SAUF ALPHA-BLOQUANTS
BENAZEPRIL	HYPERKALIEMIANTS
BENAZEPRIL	INHIBITEURS DE L'ENZYME DE CONVERSION
BENAZEPRIL	MEDICAMENTS ABAISSANT LA PRESSION ARTERIELLE
BENDAMUSTINE	CYTOTOXIQUES
BENDROFLUMETHIAZIDE	ANTIHYPERTENSEURS SAUF ALPHA-BLOQUANTS
BENDROFLUMETHIAZIDE	DIURETIQUES
BENDROFLUMETHIAZIDE	DIURETIQUES HYPOKALIEMIANTS
BENDROFLUMETHIAZIDE	DIURETIQUES THIAZIDIQUES ET APPARENTES
BENDROFLUMETHIAZIDE	HYPOKALIEMIANTS
BENDROFLUMETHIAZIDE	HYPONATREMIANTS
BENDROFLUMETHIAZIDE	MEDICAMENTS ABAISSANT LA PRESSION ARTERIELLE
BENETHAMINE-PENICILLINE	PENICILLINES
BENZALKONIUM	SPERMICIDES
BENZOCAINE	MEDICAMENTS METHEMOGLOBINISANTS
BENZYLPENICILLINE	PENICILLINES
BETAMETHASONE	GLUCOCORTICOIDES (SAUF HYDROCORTISONE)
BETAMETHASONE	HYPOKALIEMIANTS
BETAMETHASONE	SUBSTANCES A ABSORPTION REDUITE PAR LES TOPIQUES GASTRO-INTESTINAUX, ANTIACIDES ET ADSORBANTS
BETAXOLOL	ANTIHYPERTENSEURS SAUF ALPHA-BLOQUANTS
BETAXOLOL	BRADYCARDISANTS
BETAXOLOL	BETA-BLOQUANTS (SAUF ESMOLOL ET SOTALOL)
BETAXOLOL	BETA-BLOQUANTS (SAUF ESMOLOL)
BETAXOLOL	MEDICAMENTS ABAISSANT LA PRESSION ARTERIELLE
BEVACIZUMAB	ANTICORPS MONOCLONAUX (HORS ANTI-TNF ALPHA)
BEZAFIBRATE	FIBRATES
BIPERIDENE	ANTIPARKINSONIENS ANTICHOLINERGIQUES
BIPERIDENE	MEDICAMENTS ATROPINIQUES
BISACODYL	HYPOKALIEMIANTS
BISOPROLOL	ANTIHYPERTENSEURS SAUF ALPHA-BLOQUANTS
BISOPROLOL	BRADYCARDISANTS
BISOPROLOL	BETA-BLOQUANTS (SAUF ESMOLOL ET SOTALOL)
BISOPROLOL	BETA-BLOQUANTS (SAUF ESMOLOL)
BISOPROLOL	BETA-BLOQUANTS DANS L'INSUFFISANCE CARDIAQUE
BISOPROLOL	MEDICAMENTS ABAISSANT LA PRESSION ARTERIELLE
BIVALIRUDINE	INHIBITEURS DIRECTS DE LA THROMBINE A INDICATION SPECIFIQUE
BLEOMYCINE	CYTOTOXIQUES
BLEU DE METHYLENE	IMAO-A REVERSIBLES, Y COMPRIS LINEZOLIDE ET BLEU DE METHYLENE
BLEU DE METHYLENE	MEDICAMENTS A L'ORIGINE D'UN SYNDROME SEROTONINERGIQUE
BLINATUMOMAB	ANTICORPS MONOCLONAUX (HORS ANTI-TNF ALPHA)
BOCEPREVIR	INHIBITEURS PUISSANTS DU CYP3A4
BOLDO	HYPOKALIEMIANTS
BORTEZOMIB	CYTOTOXIQUES
BORTEZOMIB	SUBSTRATS A RISQUE DU CYP3A4
BOSUTINIB	INHIBITEURS DES TYROSINE KINASES METABOLISES
BOURDAINE	HYPOKALIEMIANTS
BRENTUXIMAB	ANTICORPS MONOCLONAUX (HORS ANTI-TNF ALPHA)
BROMAZEPAM	BENZODIAZEPINES ET APPARENTES
BROMAZEPAM	MEDICAMENTS SEDATIFS
BROMOCRIPTINE	ALCALOIDES DE L'ERGOT DE SEIGLE DOPAMINERGIQUES
BROMOCRIPTINE	ANTIPARKINSONIENS DOPAMINERGIQUES
BROMOCRIPTINE	DOPAMINERGIQUES
BROMOCRIPTINE	MEDICAMENTS A L'ORIGINE D'UNE HYPOTENSION ORTHOSTATIQUE
BROMPHENIRAMINE	MEDICAMENTS ATROPINIQUES
BROMPHENIRAMINE	MEDICAMENTS SEDATIFS
BUDESONIDE	AUTRES CORTICOIDES, NOTAMMENT INHALES
BUDESONIDE	GLUCOCORTICOIDES (SAUF HYDROCORTISONE)
BUDESONIDE	SUBSTANCES A ABSORPTION REDUITE PAR LES TOPIQUES GASTRO-INTESTINAUX, ANTIACIDES ET ADSORBANTS
BUMETANIDE	ANTIHYPERTENSEURS SAUF ALPHA-BLOQUANTS
BUMETANIDE	DIURETIQUES
BUMETANIDE	DIURETIQUES DE L'ANSE
BUMETANIDE	DIURETIQUES HYPOKALIEMIANTS
BUMETANIDE	HYPOKALIEMIANTS
BUMETANIDE	HYPONATREMIANTS
BUMETANIDE	MEDICAMENTS ABAISSANT LA PRESSION ARTERIELLE
BUMETANIDE	MEDICAMENTS OTOTOXIQUES
BUPRENORPHINE	MORPHINIQUES
BUPRENORPHINE	MORPHINIQUES AGONISTES-ANTAGONISTES
BUPRENORPHINE	MORPHINIQUES EN TRAITEMENT DE SUBSTITUTION
BUPRENORPHINE	MEDICAMENTS SEDATIFS
BUPROPION	MEDICAMENTS ABAISSANT LE SEUIL EPILEPTOGENE
BUPROPION	SYMPATHOMIMETIQUES INDIRECTS
BUSULFAN	CYTOTOXIQUES
CABAZITAXEL	CYTOTOXIQUES
CABAZITAXEL	SUBSTRATS A RISQUE DU CYP3A4
CABERGOLINE	ALCALOIDES DE L'ERGOT DE SEIGLE DOPAMINERGIQUES
CABERGOLINE	DOPAMINERGIQUES
CABERGOLINE	DOPAMINERGIQUES, HORS PARKINSON
CABOZANTINIB	INHIBITEURS DES TYROSINE KINASES METABOLISES
CAFEDRINE	SYMPATHOMIMETIQUES INDIRECTS
CALCITRIOL	VITAMINE D
CAMPHRE	MEDICAMENTS ABAISSANT LE SEUIL EPILEPTOGENE
CANAKINUMAB	ANTICORPS MONOCLONAUX (HORS ANTI-TNF ALPHA)
CANDESARTAN CILEXETIL	ANTAGONISTES DES RECEPTEURS DE L'ANGIOTENSINE II
CANDESARTAN CILEXETIL	ANTIHYPERTENSEURS SAUF ALPHA-BLOQUANTS
CANDESARTAN CILEXETIL	HYPERKALIEMIANTS
CANDESARTAN CILEXETIL	MEDICAMENTS ABAISSANT LA PRESSION ARTERIELLE
CANRENOATE DE POTASSIUM	ANTIHYPERTENSEURS SAUF ALPHA-BLOQUANTS
CANRENOATE DE POTASSIUM	DIURETIQUES
CANRENOATE DE POTASSIUM	DIURETIQUES EPARGNEURS DE POTASSIUM (SEULS OU ASSOCIES)
CANRENOATE DE POTASSIUM	HYPERKALIEMIANTS
CANRENOATE DE POTASSIUM	HYPONATREMIANTS
CANRENOATE DE POTASSIUM	MEDICAMENTS ABAISSANT LA PRESSION ARTERIELLE
CAPECITABINE	CYTOTOXIQUES
CAPECITABINE	FLUOROURACILE (ET, PAR EXTRAPOLATION, AUTRES FLUOROPYRIMIDINES)
CAPTODIAME	MEDICAMENTS SEDATIFS
CAPTOPRIL	ANTIHYPERTENSEURS SAUF ALPHA-BLOQUANTS
CAPTOPRIL	HYPERKALIEMIANTS
CAPTOPRIL	INHIBITEURS DE L'ENZYME DE CONVERSION
CAPTOPRIL	MEDICAMENTS ABAISSANT LA PRESSION ARTERIELLE
CARBAMAZEPINE	ANTICONVULSIVANTS INDUCTEURS ENZYMATIQUES
CARBAMAZEPINE	HYPONATREMIANTS
CARBAMAZEPINE	INDUCTEURS ENZYMATIQUES
CARBOPLATINE	CYTOTOXIQUES
CARBOPLATINE	MEDICAMENTS NEPHROTOXIQUES
CARBOPLATINE	MEDICAMENTS OTOTOXIQUES
CARBOPLATINE	ORGANOPLATINES
CARMUSTINE	CYTOTOXIQUES
CARPIPRAMINE	NEUROLEPTIQUES
CARTEOLOL	ANTIHYPERTENSEURS SAUF ALPHA-BLOQUANTS
CARTEOLOL	BRADYCARDISANTS
CARTEOLOL	BETA-BLOQUANTS (SAUF ESMOLOL ET SOTALOL)
CARTEOLOL	BETA-BLOQUANTS (SAUF ESMOLOL)
CARTEOLOL	MEDICAMENTS ABAISSANT LA PRESSION ARTERIELLE
CARVEDILOL	BRADYCARDISANTS
CARVEDILOL	BETA-BLOQUANTS DANS L'INSUFFISANCE CARDIAQUE
CARVEDILOL	MEDICAMENTS ABAISSANT LA PRESSION ARTERIELLE
CASCARA	HYPOKALIEMIANTS
CASCARA SAGRADA	HYPOKALIEMIANTS
CATIORESINE SULFO SODIQUE	RESINES CHELATRICES
CATIORESINE SULFO SODIQUE	SUBSTANCES A ABSORPTION REDUITE PAR LES TOPIQUES GASTRO-INTESTINAUX, ANTIACIDES ET ADSORBANTS
CEFAMANDOLE	ANTABUSE (REACTION)
CELECOXIB	ANTI-INFLAMMATOIRES NON STEROIDIENS
CELECOXIB	HYPERKALIEMIANTS
CELIPROLOL	ANTIHYPERTENSEURS SAUF ALPHA-BLOQUANTS
CELIPROLOL	BRADYCARDISANTS
CELIPROLOL	BETA-BLOQUANTS (SAUF ESMOLOL ET SOTALOL)
CELIPROLOL	BETA-BLOQUANTS (SAUF ESMOLOL)
CELIPROLOL	MEDICAMENTS ABAISSANT LA PRESSION ARTERIELLE
CERITINIB	INHIBITEURS DES TYROSINE KINASES METABOLISES
CERTOLIZUMAB	ANTI-TNF ALPHA
CETALKONIUM	SPERMICIDES
CETUXIMAB	ANTICORPS MONOCLONAUX (HORS ANTI-TNF ALPHA)
CHARBON ACTIVE	TOPIQUES GASTRO-INTESTINAUX, ANTIACIDES ET ADSORBANTS
CHARBON VEGETAL OFFICINAL	TOPIQUES GASTRO-INTESTINAUX, ANTIACIDES ET ADSORBANTS
CHLORAMBUCIL	CYTOTOXIQUES
CHLORDIAZEPOXIDE	BENZODIAZEPINES ET APPARENTES
CHLORDIAZEPOXIDE	MEDICAMENTS SEDATIFS
CHLORMADINONE	PROGESTATIFS NON CONTRACEPTIFS, ASSOCIES OU NON A UN ESTROGENE
CHLOROQUINE	ANTIPARASITAIRES SUSCEPTIBLES DE DONNER DES TORSADES DE POINTES
CHLOROQUINE	MEDICAMENTS ABAISSANT LE SEUIL EPILEPTOGENE
CHLOROQUINE	SUBSTANCES SUSCEPTIBLES DE DONNER DES TORSADES DE POINTES
CHLOROQUINE	SUBSTANCES A ABSORPTION REDUITE PAR LES TOPIQUES GASTRO-INTESTINAUX, ANTIACIDES ET ADSORBANTS
CHLORPHENAMINE	MEDICAMENTS ATROPINIQUES
CHLORPHENAMINE	MEDICAMENTS SEDATIFS
CHLORPROMAZINE	MEDICAMENTS ABAISSANT LE SEUIL EPILEPTOGENE
CHLORPROMAZINE	MEDICAMENTS ATROPINIQUES
CHLORPROMAZINE	MEDICAMENTS SEDATIFS
CHLORPROMAZINE	MEDICAMENTS A L'ORIGINE D'UNE HYPOTENSION ORTHOSTATIQUE
CHLORPROMAZINE	NEUROLEPTIQUES
CHLORPROMAZINE	NEUROLEPTIQUES ANTIPSYCHOTIQUES (SAUF CLOZAPINE)
CHLORPROMAZINE	NEUROLEPTIQUES SUSCEPTIBLES DE DONNER DES TORSADES DE POINTES
CHLORPROMAZINE	SUBSTANCES SUSCEPTIBLES DE DONNER DES TORSADES DE POINTES
CHLORPROMAZINE	SUBSTANCES A ABSORPTION REDUITE PAR LES TOPIQUES GASTRO-INTESTINAUX, ANTIACIDES ET ADSORBANTS
CHLORTALIDONE	ANTIHYPERTENSEURS SAUF ALPHA-BLOQUANTS
CHLORTALIDONE	DIURETIQUES
CHLORTALIDONE	DIURETIQUES HYPOKALIEMIANTS
CHLORTALIDONE	DIURETIQUES THIAZIDIQUES ET APPARENTES
CHLORTALIDONE	HYPOKALIEMIANTS
CHLORTALIDONE	HYPONATREMIANTS
CHLORTALIDONE	MEDICAMENTS ABAISSANT LA PRESSION ARTERIELLE
CHLORTETRACYCLINE	CYCLINES
CHLORTETRACYCLINE	SUBSTANCES A ABSORPTION REDUITE PAR LES TOPIQUES GASTRO-INTESTINAUX, ANTIACIDES ET ADSORBANTS
CHOLECALCIFEROL	VITAMINE D
CIBENZOLINE	ANTIARYTHMIQUES
CIBENZOLINE	ANTIARYTHMIQUES CLASSE I (SAUF LIDOCAINE)
CICLESONIDE	AUTRES CORTICOIDES, NOTAMMENT INHALES
CICLETANINE	ANTIHYPERTENSEURS SAUF ALPHA-BLOQUANTS
CICLETANINE	DIURETIQUES
CICLETANINE	DIURETIQUES HYPOKALIEMIANTS
CICLETANINE	DIURETIQUES THIAZIDIQUES ET APPARENTES
CICLETANINE	HYPOKALIEMIANTS
CICLETANINE	HYPONATREMIANTS
CICLETANINE	MEDICAMENTS ABAISSANT LA PRESSION ARTERIELLE
CICLOSPORINE	HYPERKALIEMIANTS
CICLOSPORINE	IMMUNOSUPPRESSEURS
CICLOSPORINE	MEDICAMENTS NEPHROTOXIQUES
CICLOSPORINE	SUBSTRATS A RISQUE DU CYP3A4
CILAZAPRIL	ANTIHYPERTENSEURS SAUF ALPHA-BLOQUANTS
CILAZAPRIL	HYPERKALIEMIANTS
CILAZAPRIL	INHIBITEURS DE L'ENZYME DE CONVERSION
CILAZAPRIL	MEDICAMENTS ABAISSANT LA PRESSION ARTERIELLE
CILOSTAZOL	ANTIAGREGANTS PLAQUETTAIRES
CIMETIDINE	ANTISECRETOIRES ANTIHISTAMINIQUES H2
CIMETIDINE	SUBSTANCES A ABSORPTION REDUITE PAR LES TOPIQUES GASTRO-INTESTINAUX, ANTIACIDES ET ADSORBANTS
CINEOLE	MEDICAMENTS ABAISSANT LE SEUIL EPILEPTOGENE
CIPROFIBRATE	FIBRATES
CIPROFLOXACINE	FLUOROQUINOLONES
CIPROFLOXACINE	MEDICAMENTS ABAISSANT LE SEUIL EPILEPTOGENE
CIPROFLOXACINE	SUBSTANCES A ABSORPTION REDUITE PAR LES TOPIQUES GASTRO-INTESTINAUX, ANTIACIDES ET ADSORBANTS
CISATRACURIUM	CURARES
CISATRACURIUM	CURARES NON DEPOLARISANTS
CISPLATINE	CYTOTOXIQUES
CISPLATINE	MEDICAMENTS NEPHROTOXIQUES
CISPLATINE	MEDICAMENTS OTOTOXIQUES
CISPLATINE	ORGANOPLATINES
CITALOPRAM	HYPONATREMIANTS
CITALOPRAM	INHIBITEURS SELECTIFS DE LA RECAPTURE DE LA SEROTONINE
CITALOPRAM	MEDICAMENTS ABAISSANT LE SEUIL EPILEPTOGENE
CITALOPRAM	MEDICAMENTS A L'ORIGINE D'UN SYNDROME SEROTONINERGIQUE
CITALOPRAM	SUBSTANCES SUSCEPTIBLES DE DONNER DES TORSADES DE POINTES
CITALOPRAM	TORSADOGENES (SAUF ANTIPARASITAIRES, NEUROLEPTIQUES, METHADONE)
CITRATE DE GALLIUM [67GA]	CITRATES
CLADRIBINE	CYTOTOXIQUES
CLARITHROMYCINE	INHIBITEURS PUISSANTS DU CYP3A4
CLARITHROMYCINE	MACROLIDES (SAUF SPIRAMYCINE)
CLEVIDIPINE	ANTAGONISTES DES CANAUX CALCIQUES
CLEVIDIPINE	ANTIHYPERTENSEURS SAUF ALPHA-BLOQUANTS
CLEVIDIPINE	DIHYDROPYRIDINES
CLEVIDIPINE	MEDICAMENTS ABAISSANT LA PRESSION ARTERIELLE
CLIDINIUM	MEDICAMENTS ATROPINIQUES
CLINDAMYCINE	LINCOSANIDES
CLINDAMYCINE	SUBSTANCES A ABSORPTION REDUITE PAR LES TOPIQUES GASTRO-INTESTINAUX, ANTIACIDES ET ADSORBANTS
CLOBAZAM	BENZODIAZEPINES ET APPARENTES
CLOBAZAM	MEDICAMENTS SEDATIFS
CLOFARABINE	CYTOTOXIQUES
CLOMIPRAMINE	ANTIDEPRESSEURS IMIPRAMINIQUES
CLOMIPRAMINE	MEDICAMENTS ABAISSANT LE SEUIL EPILEPTOGENE
CLOMIPRAMINE	MEDICAMENTS ATROPINIQUES
CLOMIPRAMINE	MEDICAMENTS MIXTES ADRENERGIQUES-SEROTONINERGIQUES
CLOMIPRAMINE	MEDICAMENTS A L'ORIGINE D'UN SYNDROME SEROTONINERGIQUE
CLOMIPRAMINE	MEDICAMENTS A L'ORIGINE D'UNE HYPOTENSION ORTHOSTATIQUE
CLONAZEPAM	BENZODIAZEPINES ET APPARENTES
CLONAZEPAM	MEDICAMENTS SEDATIFS
CLONIDINE	ANTIHYPERTENSEURS CENTRAUX
CLONIDINE	ANTIHYPERTENSEURS SAUF ALPHA-BLOQUANTS
CLONIDINE	BRADYCARDISANTS
CLONIDINE	MEDICAMENTS ABAISSANT LA PRESSION ARTERIELLE
CLONIDINE	MEDICAMENTS SEDATIFS
CLOPAMIDE	ANTIHYPERTENSEURS SAUF ALPHA-BLOQUANTS
CLOPAMIDE	DIURETIQUES
CLOPAMIDE	DIURETIQUES HYPOKALIEMIANTS
CLOPAMIDE	DIURETIQUES THIAZIDIQUES ET APPARENTES
CLOPAMIDE	HYPOKALIEMIANTS
CLOPAMIDE	HYPONATREMIANTS
CLOPAMIDE	MEDICAMENTS ABAISSANT LA PRESSION ARTERIELLE
CLOPIDOGREL	ANTIAGREGANTS PLAQUETTAIRES
CLORAZEPATE	BENZODIAZEPINES ET APPARENTES
CLORAZEPATE	MEDICAMENTS SEDATIFS
CLOTIAZEPAM	BENZODIAZEPINES ET APPARENTES
CLOTIAZEPAM	MEDICAMENTS SEDATIFS
CLOXACILLINE	PENICILLINES
CLOZAPINE	MEDICAMENTS ATROPINIQUES
CLOZAPINE	MEDICAMENTS SEDATIFS
CLOZAPINE	MEDICAMENTS A L'ORIGINE D'UNE HYPOTENSION ORTHOSTATIQUE
CLOZAPINE	MEDICAMENTS A RISQUE LORS DU SEVRAGE TABAGIQUE
CLOZAPINE	NEUROLEPTIQUES
COBICISTAT	INHIBITEURS PUISSANTS DU CYP3A4
COBIMETINIB	INHIBITEURS DES TYROSINE KINASES METABOLISES
COCAINE	SUBSTANCES SUSCEPTIBLES DE DONNER DES TORSADES DE POINTES
COCAINE	TORSADOGENES (SAUF ANTIPARASITAIRES, NEUROLEPTIQUES, METHADONE)
CODEINE	ANALGESIQUES MORPHINIQUES AGONISTES
CODEINE	ANALGESIQUES MORPHINIQUES DE PALIER II
CODEINE	ANTITUSSIFS MORPHINIQUES VRAIS
CODEINE	MORPHINIQUES
CODEINE	MEDICAMENTS SEDATIFS
COLESEVELAM	RESINES CHELATRICES
COLESTYRAMINE	RESINES CHELATRICES
COLISTINE	MEDICAMENTS NEPHROTOXIQUES
CORTISONE	GLUCOCORTICOIDES (SAUF HYDROCORTISONE)
CORTISONE	HYPOKALIEMIANTS
CORTISONE	SUBSTANCES A ABSORPTION REDUITE PAR LES TOPIQUES GASTRO-INTESTINAUX, ANTIACIDES ET ADSORBANTS
CORTIVAZOL	GLUCOCORTICOIDES (SAUF HYDROCORTISONE)
CORTIVAZOL	HYPOKALIEMIANTS
CRIZOTINIB	BRADYCARDISANTS
CRIZOTINIB	INHIBITEURS DES TYROSINE KINASES METABOLISES
CYAMEMAZINE	MEDICAMENTS ABAISSANT LE SEUIL EPILEPTOGENE
CYAMEMAZINE	MEDICAMENTS ATROPINIQUES
CYAMEMAZINE	MEDICAMENTS SEDATIFS
CYAMEMAZINE	MEDICAMENTS A L'ORIGINE D'UNE HYPOTENSION ORTHOSTATIQUE
CYAMEMAZINE	NEUROLEPTIQUES
CYAMEMAZINE	NEUROLEPTIQUES ANTIPSYCHOTIQUES (SAUF CLOZAPINE)
CYAMEMAZINE	NEUROLEPTIQUES SUSCEPTIBLES DE DONNER DES TORSADES DE POINTES
CYAMEMAZINE	SUBSTANCES SUSCEPTIBLES DE DONNER DES TORSADES DE POINTES
CYAMEMAZINE	SUBSTANCES A ABSORPTION REDUITE PAR LES TOPIQUES GASTRO-INTESTINAUX, ANTIACIDES ET ADSORBANTS
CYCLOPENTOLATE	MEDICAMENTS ATROPINIQUES
CYCLOPHOSPHAMIDE	CYTOTOXIQUES
CYCLOTHIAZIDE	MEDICAMENTS ABAISSANT LA PRESSION ARTERIELLE
CYPROHEPTADINE	MEDICAMENTS ATROPINIQUES
CYPROHEPTADINE	MEDICAMENTS SEDATIFS
CYTARABINE	CYTOTOXIQUES
DABIGATRAN	ANTICOAGULANTS ORAUX
DABRAFENIB	INDUCTEURS ENZYMATIQUES
DABRAFENIB	INHIBITEURS DES TYROSINE KINASES METABOLISES
DACARBAZINE	CYTOTOXIQUES
DACTINOMYCINE	CYTOTOXIQUES
DALTEPARINE SODIQUE	HYPERKALIEMIANTS
DALTEPARINE SODIQUE	HEPARINES
DALTEPARINE SODIQUE	HEPARINES DE BAS POIDS MOLECULAIRE ET APPARENTES (DOSES CURATIVES ET/OU SUJET AGE)
DALTEPARINE SODIQUE	HEPARINES DE BAS POIDS MOLECULAIRE ET APPARENTES (DOSES PREVENTIVES)
DANAPAROIDE SODIQUE	HYPERKALIEMIANTS
DANAPAROIDE SODIQUE	HEPARINES
DANAPAROIDE SODIQUE	HEPARINES DE BAS POIDS MOLECULAIRE ET APPARENTES (DOSES CURATIVES ET/OU SUJET AGE)
DANAPAROIDE SODIQUE	HEPARINES DE BAS POIDS MOLECULAIRE ET APPARENTES (DOSES PREVENTIVES)
DAPOXETINE	INHIBITEURS SELECTIFS DE LA RECAPTURE DE LA SEROTONINE
DAPOXETINE	MEDICAMENTS SEDATIFS
DAPSONE	MEDICAMENTS METHEMOGLOBINISANTS
DARIFENACINE	ANTISPASMODIQUES URINAIRES
DARIFENACINE	MEDICAMENTS ATROPINIQUES
DARUNAVIR	INHIBITEURS DE PROTEASES BOOSTES PAR RITONAVIR
DASATINIB	INHIBITEURS DES TYROSINE KINASES METABOLISES
DASATINIB	SUBSTRATS A RISQUE DU CYP3A4
DAUNORUBICINE	CYTOTOXIQUES
DECITABINE	CYTOTOXIQUES
DEMECLOCYCLINE	SUBSTANCES A ABSORPTION REDUITE PAR LES TOPIQUES GASTRO-INTESTINAUX, ANTIACIDES ET ADSORBANTS
DEMECLOCYCLINE	CYCLINES
DENOSUMAB	ANTICORPS MONOCLONAUX (HORS ANTI-TNF ALPHA)
DESFLURANE	ANESTHESIQUES VOLATILS HALOGENES
DESMOPRESSINE	HYPONATREMIANTS
DESOGESTREL	PROGESTATIFS CONTRACEPTIFS
DESOXYCORTONE	MINERALOCORTICOIDES
DEXAMETHASONE	GLUCOCORTICOIDES (SAUF HYDROCORTISONE)
DEXAMETHASONE	HYPOKALIEMIANTS
DEXAMETHASONE	SUBSTANCES A ABSORPTION REDUITE PAR LES TOPIQUES GASTRO-INTESTINAUX, ANTIACIDES ET ADSORBANTS
DEXCHLORPHENIRAMINE	MEDICAMENTS ATROPINIQUES
DEXCHLORPHENIRAMINE	MEDICAMENTS SEDATIFS
DEXKETOPROFENE TROMETAMOL	ANTI-INFLAMMATOIRES NON STEROIDIENS
DEXKETOPROFENE TROMETAMOL	HYPERKALIEMIANTS
DEXMEDETOMIDINE	MEDICAMENTS SEDATIFS
DEXRAZOXANE	CYTOTOXIQUES
DEXTRAN	DEXTRAN 40
DEXTROMETHORPHANE	ANTITUSSIFS MORPHINE-LIKE
DEXTROMETHORPHANE	MORPHINIQUES
DEXTROMETHORPHANE	MEDICAMENTS SEDATIFS
DI(ACEFYLLINE) DIPHENHYDRAMINE	MEDICAMENTS ATROPINIQUES
DI(ACEFYLLINE) DIPHENHYDRAMINE	MEDICAMENTS SEDATIFS
DIAZEPAM	BENZODIAZEPINES ET APPARENTES
DIAZEPAM	MEDICAMENTS SEDATIFS
DICITRATE TRIMAGNESIEN	CITRATES
DICLOFENAC	ANTI-INFLAMMATOIRES NON STEROIDIENS
DICLOFENAC	HYPERKALIEMIANTS
DIENOGEST	ESTROPROGESTATIFS CONTRACEPTIFS
DIENOGEST	PROGESTATIFS CONTRACEPTIFS
DIETHYLSTILBESTROL	ESTROGENES NON CONTRACEPTIFS
DIGOXINE	BRADYCARDISANTS
DIGOXINE	SUBSTANCES A ABSORPTION REDUITE PAR LES TOPIQUES GASTRO-INTESTINAUX, ANTIACIDES ET ADSORBANTS
DIHYDRALAZINE	ANTIHYPERTENSEURS SAUF ALPHA-BLOQUANTS
DIHYDRALAZINE	MEDICAMENTS ABAISSANT LA PRESSION ARTERIELLE
DIHYDROCODEINE	ANALGESIQUES MORPHINIQUES AGONISTES
DIHYDROCODEINE	ANALGESIQUES MORPHINIQUES DE PALIER II
DIHYDROCODEINE	MORPHINIQUES
DIHYDROCODEINE	MEDICAMENTS SEDATIFS
DIHYDROERGOTAMINE	ALCALOIDES DE L'ERGOT DE SEIGLE VASOCONSTRICTEURS
DIHYDROERGOTAMINE	SUBSTRATS A RISQUE DU CYP3A4
DILTIAZEM	ANTAGONISTES DES CANAUX CALCIQUES
DILTIAZEM	ANTIARYTHMIQUES
DILTIAZEM	ANTIHYPERTENSEURS SAUF ALPHA-BLOQUANTS
DILTIAZEM	BRADYCARDISANTS
DILTIAZEM	MEDICAMENTS ABAISSANT LA PRESSION ARTERIELLE
DIMENHYDRINATE	MEDICAMENTS ATROPINIQUES
DIMENHYDRINATE	MEDICAMENTS SEDATIFS
DINITRATE D'ISOSORBIDE	DERIVES NITRES ET APPARENTES
DINITRATE D'ISOSORBIDE	MEDICAMENTS A L'ORIGINE D'UNE HYPOTENSION ORTHOSTATIQUE
DIOSMECTITE	TOPIQUES GASTRO-INTESTINAUX, ANTIACIDES ET ADSORBANTS
DIPHENHYDRAMINE	MEDICAMENTS ATROPINIQUES
DIPHENHYDRAMINE	MEDICAMENTS SEDATIFS
DISOPYRAMIDE	ANTIARYTHMIQUES
DISOPYRAMIDE	ANTIARYTHMIQUES CLASSE I (SAUF LIDOCAINE)
DISOPYRAMIDE	ANTIARYTHMIQUES CLASSE IA
DISOPYRAMIDE	BRADYCARDISANTS
DISOPYRAMIDE	MEDICAMENTS ATROPINIQUES
DISOPYRAMIDE	SUBSTANCES SUSCEPTIBLES DE DONNER DES TORSADES DE POINTES
DISOPYRAMIDE	TORSADOGENES (SAUF ANTIPARASITAIRES, NEUROLEPTIQUES, METHADONE)
DISULFIRAME	ANTABUSE (REACTION)
DOCETAXEL	CYTOTOXIQUES
DOCETAXEL	SUBSTRATS A RISQUE DU CYP3A4
DOLUTEGRAVIR	SUBSTANCES A ABSORPTION REDUITE PAR LES TOPIQUES GASTRO-INTESTINAUX, ANTIACIDES ET ADSORBANTS
DOMPERIDONE	SUBSTANCES SUSCEPTIBLES DE DONNER DES TORSADES DE POINTES
DOMPERIDONE	TORSADOGENES (SAUF ANTIPARASITAIRES, NEUROLEPTIQUES, METHADONE)
DONEPEZIL	ANTICHOLINESTERASIQUES
DONEPEZIL	BRADYCARDISANTS
DOPAMINE	SYMPATHOMIMETIQUES ALPHA ET BETA (VOIE IM ET IV)
DOSULEPINE	ANTIDEPRESSEURS IMIPRAMINIQUES
DOSULEPINE	MEDICAMENTS ABAISSANT LE SEUIL EPILEPTOGENE
DOSULEPINE	MEDICAMENTS ATROPINIQUES
DOSULEPINE	MEDICAMENTS A L'ORIGINE D'UNE HYPOTENSION ORTHOSTATIQUE
DOXAZOSINE	ALPHABLOQUANTS A VISEE UROLOGIQUE
DOXAZOSINE	ANTIHYPERTENSEURS ALPHA-BLOQUANTS
DOXAZOSINE	MEDICAMENTS ABAISSANT LA PRESSION ARTERIELLE
DOXAZOSINE	MEDICAMENTS A L'ORIGINE D'UNE HYPOTENSION ORTHOSTATIQUE
DOXEPINE	ANTIDEPRESSEURS IMIPRAMINIQUES
DOXEPINE	MEDICAMENTS ABAISSANT LE SEUIL EPILEPTOGENE
DOXEPINE	MEDICAMENTS ATROPINIQUES
DOXEPINE	MEDICAMENTS SEDATIFS
DOXEPINE	MEDICAMENTS A L'ORIGINE D'UNE HYPOTENSION ORTHOSTATIQUE
DOXORUBICINE	CYTOTOXIQUES
DOXYCYCLINE	CYCLINES
DOXYCYCLINE	SUBSTANCES A ABSORPTION REDUITE PAR LES TOPIQUES GASTRO-INTESTINAUX, ANTIACIDES ET ADSORBANTS
DOXYLAMINE	HYPNOTIQUES
DOXYLAMINE	MEDICAMENTS ATROPINIQUES
DOXYLAMINE	MEDICAMENTS SEDATIFS
DRONEDARONE	ANTIARYTHMIQUES
DRONEDARONE	BRADYCARDISANTS
DRONEDARONE	SUBSTANCES SUSCEPTIBLES DE DONNER DES TORSADES DE POINTES
DRONEDARONE	TORSADOGENES (SAUF ANTIPARASITAIRES, NEUROLEPTIQUES, METHADONE)
DROPERIDOL	MEDICAMENTS ABAISSANT LE SEUIL EPILEPTOGENE
DROPERIDOL	MEDICAMENTS SEDATIFS
DROPERIDOL	MEDICAMENTS A L'ORIGINE D'UNE HYPOTENSION ORTHOSTATIQUE
DROPERIDOL	NEUROLEPTIQUES
DROPERIDOL	NEUROLEPTIQUES ANTIPSYCHOTIQUES (SAUF CLOZAPINE)
DROPERIDOL	NEUROLEPTIQUES SUSCEPTIBLES DE DONNER DES TORSADES DE POINTES
DROPERIDOL	SUBSTANCES SUSCEPTIBLES DE DONNER DES TORSADES DE POINTES
DROSPIRENONE	HYPERKALIEMIANTS
DROSPIRENONE	PROGESTATIFS CONTRACEPTIFS
DULOXETINE	MEDICAMENTS MIXTES ADRENERGIQUES-SEROTONINERGIQUES
DULOXETINE	MEDICAMENTS A L'ORIGINE D'UN SYNDROME SEROTONINERGIQUE
DYDROGESTERONE	PROGESTATIFS NON CONTRACEPTIFS, ASSOCIES OU NON A UN ESTROGENE
EFAVIRENZ	INDUCTEURS ENZYMATIQUES
ELETRIPTAN	TRIPTANS
ELETRIPTAN	TRIPTANS NON METABOLISES PAR LA MAO
ELVITEGRAVIR	SUBSTANCES A ABSORPTION REDUITE PAR LES TOPIQUES GASTRO-INTESTINAUX, ANTIACIDES ET ADSORBANTS
ENALAPRIL	ANTIHYPERTENSEURS SAUF ALPHA-BLOQUANTS
ENALAPRIL	HYPERKALIEMIANTS
ENALAPRIL	INHIBITEURS DE L'ENZYME DE CONVERSION
ENALAPRIL	MEDICAMENTS ABAISSANT LA PRESSION ARTERIELLE
ENOXACINE	FLUOROQUINOLONES
ENOXACINE	MEDICAMENTS ABAISSANT LE SEUIL EPILEPTOGENE
ENOXACINE	SUBSTANCES A ABSORPTION REDUITE PAR LES TOPIQUES GASTRO-INTESTINAUX, ANTIACIDES ET ADSORBANTS
ENOXAPARINE	HYPERKALIEMIANTS
ENOXAPARINE	HEPARINES
ENOXAPARINE	HEPARINES DE BAS POIDS MOLECULAIRE ET APPARENTES (DOSES CURATIVES ET/OU SUJET AGE)
ENOXAPARINE	HEPARINES DE BAS POIDS MOLECULAIRE ET APPARENTES (DOSES PREVENTIVES)
ENTACAPONE	ANTIPARKINSONIENS DOPAMINERGIQUES
ENTACAPONE	DOPAMINERGIQUES
ENTACAPONE	INHIBITEURS DE LA CATECHOL-O-METHYLTRANSFERASE (COMT)
ENTACAPONE	MEDICAMENTS A L'ORIGINE D'UNE HYPOTENSION ORTHOSTATIQUE
ENZALUTAMIDE	INDUCTEURS ENZYMATIQUES
EPHEDRINE	SYMPATHOMIMETIQUES INDIRECTS
EPIRUBICINE	CYTOTOXIQUES
EPLERENONE	ANTIHYPERTENSEURS SAUF ALPHA-BLOQUANTS
EPLERENONE	DIURETIQUES
EPLERENONE	DIURETIQUES EPARGNEURS DE POTASSIUM (SEULS OU ASSOCIES)
EPLERENONE	HYPERKALIEMIANTS
EPLERENONE	HYPONATREMIANTS
EPLERENONE	MEDICAMENTS ABAISSANT LA PRESSION ARTERIELLE
EPOPROSTENOL	ANTIAGREGANTS PLAQUETTAIRES
EPROSARTAN	ANTAGONISTES DES RECEPTEURS DE L'ANGIOTENSINE II
EPROSARTAN	ANTIHYPERTENSEURS SAUF ALPHA-BLOQUANTS
EPROSARTAN	HYPERKALIEMIANTS
EPROSARTAN	MEDICAMENTS ABAISSANT LA PRESSION ARTERIELLE
EPTIFIBATIDE	ANTIAGREGANTS PLAQUETTAIRES
ERGOCALCIFEROL	VITAMINE D
ERGOTAMINE	ALCALOIDES DE L'ERGOT DE SEIGLE VASOCONSTRICTEURS
ERGOTAMINE	SUBSTRATS A RISQUE DU CYP3A4
ERIBULINE	CYTOTOXIQUES
ERLOTINIB	INHIBITEURS DES TYROSINE KINASES METABOLISES
ERLOTINIB	SUBSTRATS A RISQUE DU CYP3A4
ERTAPENEM	PENEMS
ERYTHROMYCINE	INHIBITEURS PUISSANTS DU CYP3A4
ERYTHROMYCINE	MACROLIDES (SAUF SPIRAMYCINE)
ERYTHROMYCINE	SUBSTANCES SUSCEPTIBLES DE DONNER DES TORSADES DE POINTES
ERYTHROMYCINE	TORSADOGENES (SAUF ANTIPARASITAIRES, NEUROLEPTIQUES, METHADONE)
ESCITALOPRAM	HYPONATREMIANTS
ESCITALOPRAM	INHIBITEURS SELECTIFS DE LA RECAPTURE DE LA SEROTONINE
ESCITALOPRAM	MEDICAMENTS ABAISSANT LE SEUIL EPILEPTOGENE
ESCITALOPRAM	MEDICAMENTS A L'ORIGINE D'UN SYNDROME SEROTONINERGIQUE
ESCITALOPRAM	SUBSTANCES SUSCEPTIBLES DE DONNER DES TORSADES DE POINTES
ESCITALOPRAM	TORSADOGENES (SAUF ANTIPARASITAIRES, NEUROLEPTIQUES, METHADONE)
ESCLICARBAZEPINE	INDUCTEURS ENZYMATIQUES
ESMOLOL	BRADYCARDISANTS
ESOMEPRAZOLE	ANTISECRETOIRES INHIBITEURS DE LA POMPE A PROTONS
ESTAZOLAM	BENZODIAZEPINES ET APPARENTES
ESTAZOLAM	HYPNOTIQUES
ESTAZOLAM	MEDICAMENTS SEDATIFS
ESTRADIOL	ESTROGENES NON CONTRACEPTIFS
ESTRADIOL	ESTROPROGESTATIFS CONTRACEPTIFS
ESTRAMUSTINE	CYTOTOXIQUES
ESTRIOL	ESTROGENES NON CONTRACEPTIFS
ESTROGENES SULFOCONJUGUES EQUINS	ESTROGENES NON CONTRACEPTIFS
ESTRONE	ESTROGENES NON CONTRACEPTIFS
ETANERCEPT	ANTI-TNF ALPHA
ETHAMBUTOL	SUBSTANCES A ABSORPTION REDUITE PAR LES TOPIQUES GASTRO-INTESTINAUX, ANTIACIDES ET ADSORBANTS
ETHINYLESTRADIOL	ESTROPROGESTATIFS CONTRACEPTIFS
ETHOSUXIMIDE	ANTICONVULSIVANTS METABOLISES
ETHYLMORPHINE	ANTITUSSIFS MORPHINIQUES VRAIS
ETHYLMORPHINE	MORPHINIQUES
ETHYLMORPHINE	MEDICAMENTS SEDATIFS
ETIFOXINE	MEDICAMENTS SEDATIFS
ETILEFRINE	SYMPATHOMIMETIQUES ALPHA (VOIES ORALE ET/OU NASALE)
ETODOLAC	ANTI-INFLAMMATOIRES NON STEROIDIENS
ETODOLAC	HYPERKALIEMIANTS
ETONOGESTREL	PROGESTATIFS CONTRACEPTIFS
ETOPOSIDE	CYTOTOXIQUES
ETORICOXIB	ANTI-INFLAMMATOIRES NON STEROIDIENS
ETORICOXIB	HYPERKALIEMIANTS
EUCALYPTUS	MEDICAMENTS ABAISSANT LE SEUIL EPILEPTOGENE
EUGENOL	MEDICAMENTS ABAISSANT LE SEUIL EPILEPTOGENE
EVEROLIMUS	IMMUNOSUPPRESSEURS
EVEROLIMUS	SUBSTRATS A RISQUE DU CYP3A4
FAMOTIDINE	ANTISECRETOIRES ANTIHISTAMINIQUES H2
FAMOTIDINE	SUBSTANCES A ABSORPTION REDUITE PAR LES TOPIQUES GASTRO-INTESTINAUX, ANTIACIDES ET ADSORBANTS
FAMPRIDINES	BRADYCARDISANTS
FAMPRIDINES	MEDICAMENTS ABAISSANT LE SEUIL EPILEPTOGENE
FEBUXOSTAT	INHIBITEURS DE LA XANTHINE OXYDASE
FELBAMATE	ANTICONVULSIVANTS METABOLISES
FELODIPINE	ANTAGONISTES DES CANAUX CALCIQUES
FELODIPINE	ANTIHYPERTENSEURS SAUF ALPHA-BLOQUANTS
FELODIPINE	DIHYDROPYRIDINES
FELODIPINE	MEDICAMENTS ABAISSANT LA PRESSION ARTERIELLE
FENOFIBRATE	FIBRATES
FENOPROFENE	ANTI-INFLAMMATOIRES NON STEROIDIENS
FENOPROFENE	HYPERKALIEMIANTS
FENSPIRIDE	MEDICAMENTS SEDATIFS
FENTANYL	ANALGESIQUES MORPHINIQUES AGONISTES
FENTANYL	ANALGESIQUES MORPHINIQUES DE PALIER III
FENTANYL	MORPHINIQUES
FENTANYL	MEDICAMENTS SEDATIFS
FER	SUBSTANCES A ABSORPTION REDUITE PAR LES TOPIQUES GASTRO-INTESTINAUX, ANTIACIDES ET ADSORBANTS
FESOTERODINE	ANTISPASMODIQUES URINAIRES
FESOTERODINE	MEDICAMENTS ATROPINIQUES
FEXOFENADINE	SUBSTANCES A ABSORPTION REDUITE PAR LES TOPIQUES GASTRO-INTESTINAUX, ANTIACIDES ET ADSORBANTS
FINGOLIMOD	BRADYCARDISANTS
FLECAINIDE	ANTIARYTHMIQUES
FLECAINIDE	ANTIARYTHMIQUES CLASSE I (SAUF LIDOCAINE)
FLUDARABINE	CYTOTOXIQUES
FLUDROCORTISONE	HYPOKALIEMIANTS
FLUDROCORTISONE	MINERALOCORTICOIDES
FLUINDIONE	ANTICOAGULANTS ORAUX
FLUINDIONE	ANTIVITAMINES K
FLUNARIZINE	MEDICAMENTS ATROPINIQUES
FLUNARIZINE	MEDICAMENTS SEDATIFS
FLUNITRAZEPAM	BENZODIAZEPINES ET APPARENTES
FLUOR	SUBSTANCES A ABSORPTION REDUITE PAR LES TOPIQUES GASTRO-INTESTINAUX, ANTIACIDES ET ADSORBANTS
FLUOROURACILE	CYTOTOXIQUES
FLUOROURACILE	FLUOROURACILE (ET, PAR EXTRAPOLATION, AUTRES FLUOROPYRIMIDINES)
FLUOXETINE	HYPONATREMIANTS
FLUOXETINE	INHIBITEURS SELECTIFS DE LA RECAPTURE DE LA SEROTONINE
FLUOXETINE	MEDICAMENTS ABAISSANT LE SEUIL EPILEPTOGENE
FLUOXETINE	MEDICAMENTS A L'ORIGINE D'UN SYNDROME SEROTONINERGIQUE
FLUPENTIXOL	MEDICAMENTS ATROPINIQUES
FLUPENTIXOL	MEDICAMENTS SEDATIFS
FLUPENTIXOL	MEDICAMENTS A L'ORIGINE D'UNE HYPOTENSION ORTHOSTATIQUE
FLUPENTIXOL	NEUROLEPTIQUES
FLUPENTIXOL	NEUROLEPTIQUES ANTIPSYCHOTIQUES (SAUF CLOZAPINE)
FLUPENTIXOL	NEUROLEPTIQUES SUSCEPTIBLES DE DONNER DES TORSADES DE POINTES
FLUPENTIXOL	SUBSTANCES SUSCEPTIBLES DE DONNER DES TORSADES DE POINTES
FLUPHENAZINE	MEDICAMENTS ABAISSANT LE SEUIL EPILEPTOGENE
FLUPHENAZINE	MEDICAMENTS ATROPINIQUES
FLUPHENAZINE	MEDICAMENTS SEDATIFS
FLUPHENAZINE	MEDICAMENTS A L'ORIGINE D'UNE HYPOTENSION ORTHOSTATIQUE
FLUPHENAZINE	NEUROLEPTIQUES
FLUPHENAZINE	NEUROLEPTIQUES ANTIPSYCHOTIQUES (SAUF CLOZAPINE)
FLUPHENAZINE	NEUROLEPTIQUES SUSCEPTIBLES DE DONNER DES TORSADES DE POINTES
FLUPHENAZINE	SUBSTANCES SUSCEPTIBLES DE DONNER DES TORSADES DE POINTES
FLUPHENAZINE	SUBSTANCES A ABSORPTION REDUITE PAR LES TOPIQUES GASTRO-INTESTINAUX, ANTIACIDES ET ADSORBANTS
FLURAZEPAM	BENZODIAZEPINES ET APPARENTES
FLURAZEPAM	MEDICAMENTS SEDATIFS
FLURBIPROFENE	ANTI-INFLAMMATOIRES NON STEROIDIENS
FLURBIPROFENE	HYPERKALIEMIANTS
FLUTAMIDE	MEDICAMENTS METHEMOGLOBINISANTS
FLUTICASONE	AUTRES CORTICOIDES, NOTAMMENT INHALES
FLUVASTATINE	INHIBITEURS DE L'HMG-COA REDUCTASE (STATINES)
FLUVOXAMINE	HYPONATREMIANTS
FLUVOXAMINE	INHIBITEURS SELECTIFS DE LA RECAPTURE DE LA SEROTONINE
FLUVOXAMINE	MEDICAMENTS ABAISSANT LE SEUIL EPILEPTOGENE
FLUVOXAMINE	MEDICAMENTS A L'ORIGINE D'UN SYNDROME SEROTONINERGIQUE
FONDAPARINUX	HYPERKALIEMIANTS
FONDAPARINUX	HEPARINES
FONDAPARINUX	HEPARINES DE BAS POIDS MOLECULAIRE ET APPARENTES (DOSES CURATIVES ET/OU SUJET AGE)
FONDAPARINUX	HEPARINES DE BAS POIDS MOLECULAIRE ET APPARENTES (DOSES PREVENTIVES)
FOSAMPRENAVIR	INHIBITEURS DE PROTEASES BOOSTES PAR RITONAVIR
FOSCARNET	MEDICAMENTS NEPHROTOXIQUES
FOSINOPRIL	ANTIHYPERTENSEURS SAUF ALPHA-BLOQUANTS
FOSINOPRIL	HYPERKALIEMIANTS
FOSINOPRIL	INHIBITEURS DE L'ENZYME DE CONVERSION
FOSINOPRIL	MEDICAMENTS ABAISSANT LA PRESSION ARTERIELLE
FOSPHENYTOINE	ANTICONVULSIVANTS INDUCTEURS ENZYMATIQUES
FOSPHENYTOINE	ANTICONVULSIVANTS METABOLISES
FOSPHENYTOINE	INDUCTEURS ENZYMATIQUES
FOSPHENYTOINE	PHENYTOINE (ET, PAR EXTRAPOLATION, FOSPHENYTOINE)
FOTEMUSTINE	CYTOTOXIQUES
FROVATRIPTAN	TRIPTANS
FROVATRIPTAN	TRIPTANS NON METABOLISES PAR LA MAO
FUROSEMIDE	ANTIHYPERTENSEURS SAUF ALPHA-BLOQUANTS
FUROSEMIDE	DIURETIQUES
FUROSEMIDE	DIURETIQUES DE L'ANSE
FUROSEMIDE	DIURETIQUES HYPOKALIEMIANTS
FUROSEMIDE	HYPOKALIEMIANTS
FUROSEMIDE	HYPONATREMIANTS
FUROSEMIDE	MEDICAMENTS ABAISSANT LA PRESSION ARTERIELLE
FUROSEMIDE	MEDICAMENTS OTOTOXIQUES
GALANTAMINE	ANTICHOLINESTERASIQUES
GALANTAMINE	BRADYCARDISANTS
GANCICLOVIR	MEDICAMENTS NEPHROTOXIQUES
GEFITINIB	INHIBITEURS DES TYROSINE KINASES METABOLISES
GEFITINIB	SUBSTRATS A RISQUE DU CYP3A4
GEL D'HYDROXYDE D'ALUMINIUM ET DE CARBONATE DE MAGNESIUM CODESSECHES	ALUMINIUM (SELS)
GEL D'HYDROXYDE D'ALUMINIUM ET DE CARBONATE DE MAGNESIUM CODESSECHES	TOPIQUES GASTRO-INTESTINAUX, ANTIACIDES ET ADSORBANTS
GEMCITABINE	CYTOTOXIQUES
GEMFIBROZIL	FIBRATES
GENTAMICINE	AMINOSIDES
GENTAMICINE	MEDICAMENTS NEPHROTOXIQUES
GENTAMICINE	MEDICAMENTS OTOTOXIQUES
GIMERACIL	CYTOTOXIQUES
GIMERACIL	FLUOROURACILE (ET, PAR EXTRAPOLATION, AUTRES FLUOROPYRIMIDINES)
GLIBENCLAMIDE	ANTABUSE (REACTION)
GLIBENCLAMIDE	SULFAMIDES HYPOGLYCEMIANTS
GLICLAZIDE	SULFAMIDES HYPOGLYCEMIANTS
GLIMEPIRIDE	SULFAMIDES HYPOGLYCEMIANTS
GLIPIZIDE	ANTABUSE (REACTION)
GLIPIZIDE	SULFAMIDES HYPOGLYCEMIANTS
GLYCOPYRRONIUM	MEDICAMENTS ATROPINIQUES
GOLIMUMAB	ANTI-TNF ALPHA
GRISEOFULVINE	ANTABUSE (REACTION)
GUANFACINE	ANTIHYPERTENSEURS CENTRAUX
GUANFACINE	MEDICAMENTS ABAISSANT LA PRESSION ARTERIELLE
HALOFANTRINE	ANTIPARASITAIRES SUSCEPTIBLES DE DONNER DES TORSADES DE POINTES
HALOFANTRINE	SUBSTANCES SUSCEPTIBLES DE DONNER DES TORSADES DE POINTES
HALOFANTRINE	SUBSTRATS A RISQUE DU CYP3A4
HALOPERIDOL	MEDICAMENTS ABAISSANT LE SEUIL EPILEPTOGENE
HALOPERIDOL	MEDICAMENTS SEDATIFS
HALOPERIDOL	MEDICAMENTS A L'ORIGINE D'UNE HYPOTENSION ORTHOSTATIQUE
HALOPERIDOL	NEUROLEPTIQUES
HALOPERIDOL	NEUROLEPTIQUES ANTIPSYCHOTIQUES (SAUF CLOZAPINE)
HALOPERIDOL	NEUROLEPTIQUES SUSCEPTIBLES DE DONNER DES TORSADES DE POINTES
HALOPERIDOL	SUBSTANCES SUSCEPTIBLES DE DONNER DES TORSADES DE POINTES
HALOTHANE	ANESTHESIQUES VOLATILS HALOGENES
HEPARINE CALCIQUE	HYPERKALIEMIANTS
HEPARINE CALCIQUE	HEPARINES
HEPARINE CALCIQUE	HEPARINES NON FRACTIONNEES (DOSES CURATIVES ET/OU SUJET AGE)
HEPARINE CALCIQUE	HEPARINES NON FRACTIONNEES (DOSES PREVENTIVES)
HEPARINE SODIQUE	HYPERKALIEMIANTS
HEPARINE SODIQUE	HEPARINES
HEPARINE SODIQUE	HEPARINES NON FRACTIONNEES (DOSES CURATIVES ET/OU SUJET AGE)
HEPARINE SODIQUE	HEPARINES NON FRACTIONNEES (DOSES PREVENTIVES)
HOMATROPINE	MEDICAMENTS ATROPINIQUES
HYDROCHLOROTHIAZIDE	ANTIHYPERTENSEURS SAUF ALPHA-BLOQUANTS
HYDROCHLOROTHIAZIDE	DIURETIQUES
HYDROCHLOROTHIAZIDE	DIURETIQUES HYPOKALIEMIANTS
HYDROCHLOROTHIAZIDE	DIURETIQUES THIAZIDIQUES ET APPARENTES
HYDROCHLOROTHIAZIDE	HYPOKALIEMIANTS
HYDROCHLOROTHIAZIDE	HYPONATREMIANTS
HYDROCHLOROTHIAZIDE	MEDICAMENTS ABAISSANT LA PRESSION ARTERIELLE
HYDROCORTISONE	HYPOKALIEMIANTS
HYDROMORPHONE	ANALGESIQUES MORPHINIQUES AGONISTES
HYDROMORPHONE	ANALGESIQUES MORPHINIQUES DE PALIER III
HYDROMORPHONE	MORPHINIQUES
HYDROMORPHONE	MEDICAMENTS SEDATIFS
HYDROQUINIDINE	ANTIARYTHMIQUES
HYDROQUINIDINE	ANTIARYTHMIQUES CLASSE I (SAUF LIDOCAINE)
HYDROQUINIDINE	ANTIARYTHMIQUES CLASSE IA
HYDROQUINIDINE	BRADYCARDISANTS
HYDROQUINIDINE	SUBSTANCES SUSCEPTIBLES DE DONNER DES TORSADES DE POINTES
HYDROQUINIDINE	TORSADOGENES (SAUF ANTIPARASITAIRES, NEUROLEPTIQUES, METHADONE)
HYDROTALCITE	ALUMINIUM (SELS)
HYDROTALCITE	TOPIQUES GASTRO-INTESTINAUX, ANTIACIDES ET ADSORBANTS
HYDROXYCARBAMIDE	CYTOTOXIQUES
HYDROXYCHLOROQUINE	SUBSTANCES SUSCEPTIBLES DE DONNER DES TORSADES DE POINTES
HYDROXYPROGESTERONE	PROGESTATIFS NON CONTRACEPTIFS, ASSOCIES OU NON A UN ESTROGENE
HYDROXYZINE	MEDICAMENTS ATROPINIQUES
HYDROXYZINE	MEDICAMENTS SEDATIFS
HYDROXYZINE	SUBSTANCES SUSCEPTIBLES DE DONNER DES TORSADES DE POINTES
HYDROXYZINE	TORSADOGENES (SAUF ANTIPARASITAIRES, NEUROLEPTIQUES, METHADONE)
IBRITUMOMAB	ANTICORPS MONOCLONAUX (HORS ANTI-TNF ALPHA)
IBRUTINIB	INHIBITEURS DES TYROSINE KINASES METABOLISES
IBUPROFENE	ANTI-INFLAMMATOIRES NON STEROIDIENS
IBUPROFENE	HYPERKALIEMIANTS
IDARUBICINE	CYTOTOXIQUES
IFOSFAMIDE	CYTOTOXIQUES
IFOSFAMIDE	MEDICAMENTS NEPHROTOXIQUES
ILOPROST	ANTIAGREGANTS PLAQUETTAIRES
ILOPROST TROMETAMOL	ANTIAGREGANTS PLAQUETTAIRES
IMATINIB	INHIBITEURS DES TYROSINE KINASES METABOLISES
IMATINIB	SUBSTRATS A RISQUE DU CYP3A4
IMIPENEM	PENEMS
IMIPRAMINE	ANTIDEPRESSEURS IMIPRAMINIQUES
IMIPRAMINE	MEDICAMENTS ABAISSANT LE SEUIL EPILEPTOGENE
IMIPRAMINE	MEDICAMENTS ATROPINIQUES
IMIPRAMINE	MEDICAMENTS MIXTES ADRENERGIQUES-SEROTONINERGIQUES
IMIPRAMINE	MEDICAMENTS A L'ORIGINE D'UN SYNDROME SEROTONINERGIQUE
IMIPRAMINE	MEDICAMENTS A L'ORIGINE D'UNE HYPOTENSION ORTHOSTATIQUE
IMMUNOGLOBULINE DE LAPIN ANTI-LYMPHOCYTE T HUMAIN	GLOBULINES ANTILYMPHOCYTAIRES
IMMUNOGLOBULINES EQUINES ANTILYMPHOCYTE HUMAIN	GLOBULINES ANTILYMPHOCYTAIRES
INDACATEROL	BETA-2 MIMETIQUES
INDAPAMIDE	ANTIHYPERTENSEURS SAUF ALPHA-BLOQUANTS
INDAPAMIDE	DIURETIQUES
INDAPAMIDE	DIURETIQUES HYPOKALIEMIANTS
INDAPAMIDE	DIURETIQUES THIAZIDIQUES ET APPARENTES
INDAPAMIDE	HYPOKALIEMIANTS
INDAPAMIDE	HYPONATREMIANTS
INDAPAMIDE	MEDICAMENTS ABAISSANT LA PRESSION ARTERIELLE
INDINAVIR	INHIBITEURS DE PROTEASES BOOSTES PAR RITONAVIR
INDOMETACINE	ANTI-INFLAMMATOIRES NON STEROIDIENS
INDOMETACINE	HYPERKALIEMIANTS
INFLIXIMAB	ANTI-TNF ALPHA
INSULINE	INSULINE
INSULINE ASPARTE	INSULINE
INSULINE ASPARTE ISOPHANE BIPHASIQUE	INSULINE
INSULINE GLARGINE	INSULINE
INSULINE HUMAINE BIOSYNTHETIQUE	INSULINE
INSULINE HUMAINE BIOSYNTHETIQUE ZINC	INSULINE
INSULINE HUMAINE HEMISYNTHETIQUE D'ORIGINE PORCINE	INSULINE
INSULINE HUMAINE HEMISYNTHETIQUE ISOPHANE	INSULINE
INSULINE HUMAINE HEMISYNTHETIQUE ISOPHANE BIPHASIQUE	INSULINE
INSULINE HUMAINE RECOMBINANTE	INSULINE
INSULINE HUMAINE RECOMBINANTE ISOPHANE	INSULINE
INSULINE HUMAINE RECOMBINANTE ISOPHANE BIPHASIQUE	INSULINE
INSULINE HUMAINE RECOMBINANTE ZINC	INSULINE
INSULINE HUMAINE RECOMBINANTE ZINC CRISTALLINE	INSULINE
INSULINE LISPRO	INSULINE
INSULINE PORCINE	INSULINE
IOBITRIDOL	MEDICAMENTS NEPHROTOXIQUES
IOBITRIDOL	PRODUITS DE CONTRASTE IODES
IODIXANOL	MEDICAMENTS NEPHROTOXIQUES
IODIXANOL	PRODUITS DE CONTRASTE IODES
IOHEXOL	MEDICAMENTS NEPHROTOXIQUES
IOHEXOL	PRODUITS DE CONTRASTE IODES
IOMEPROL	MEDICAMENTS NEPHROTOXIQUES
IOMEPROL	PRODUITS DE CONTRASTE IODES
IOPAMIDOL	MEDICAMENTS NEPHROTOXIQUES
IOPAMIDOL	PRODUITS DE CONTRASTE IODES
IOPROMIDE	MEDICAMENTS NEPHROTOXIQUES
IOPROMIDE	PRODUITS DE CONTRASTE IODES
IOVERSOL	MEDICAMENTS NEPHROTOXIQUES
IOVERSOL	PRODUITS DE CONTRASTE IODES
IPILIMUMAB	ANTICORPS MONOCLONAUX (HORS ANTI-TNF ALPHA)
IPRATROPIUM	MEDICAMENTS ATROPINIQUES
IPRONIAZIDE	IMAO IRREVERSIBLES
IPRONIAZIDE	MEDICAMENTS A L'ORIGINE D'UN SYNDROME SEROTONINERGIQUE
IRBESARTAN	ANTAGONISTES DES RECEPTEURS DE L'ANGIOTENSINE II
IRBESARTAN	ANTIHYPERTENSEURS SAUF ALPHA-BLOQUANTS
IRBESARTAN	HYPERKALIEMIANTS
IRBESARTAN	MEDICAMENTS ABAISSANT LA PRESSION ARTERIELLE
IRINOTECAN	CYTOTOXIQUES
IRINOTECAN	SUBSTRATS A RISQUE DU CYP3A4
ISEPAMICINE	AMINOSIDES
ISEPAMICINE	MEDICAMENTS NEPHROTOXIQUES
ISEPAMICINE	MEDICAMENTS OTOTOXIQUES
ISOFLURANE	ANESTHESIQUES VOLATILS HALOGENES
ISONIAZIDE	SUBSTANCES A ABSORPTION REDUITE PAR LES TOPIQUES GASTRO-INTESTINAUX, ANTIACIDES ET ADSORBANTS
ISOSORBIDE	DERIVES NITRES ET APPARENTES
ISOSORBIDE	MEDICAMENTS A L'ORIGINE D'UNE HYPOTENSION ORTHOSTATIQUE
ISOTHIPENDYL	MEDICAMENTS ATROPINIQUES
ISOTHIPENDYL	MEDICAMENTS SEDATIFS
ISOTRETINOINE	RETINOIDES
ISRADIPINE	ANTAGONISTES DES CANAUX CALCIQUES
ISRADIPINE	ANTIHYPERTENSEURS SAUF ALPHA-BLOQUANTS
ISRADIPINE	DIHYDROPYRIDINES
ISRADIPINE	MEDICAMENTS ABAISSANT LA PRESSION ARTERIELLE
ITRACONAZOLE	INHIBITEURS PUISSANTS DU CYP3A4
IVABRADINE	BRADYCARDISANTS
JOSAMYCINE	MACROLIDES (SAUF SPIRAMYCINE)
KAOLIN LOURD	TOPIQUES GASTRO-INTESTINAUX, ANTIACIDES ET ADSORBANTS
KETOCONAZOLE	ANTABUSE (REACTION)
KETOCONAZOLE	INHIBITEURS PUISSANTS DU CYP3A4
KETOPROFENE	ANTI-INFLAMMATOIRES NON STEROIDIENS
KETOPROFENE	HYPERKALIEMIANTS
KETOTIFENE	MEDICAMENTS SEDATIFS
LABETALOL	ANTIHYPERTENSEURS SAUF ALPHA-BLOQUANTS
LABETALOL	BRADYCARDISANTS
LABETALOL	BETA-BLOQUANTS (SAUF ESMOLOL ET SOTALOL)
LABETALOL	BETA-BLOQUANTS (SAUF ESMOLOL)
LABETALOL	MEDICAMENTS ABAISSANT LA PRESSION ARTERIELLE
LACIDIPINE	ANTAGONISTES DES CANAUX CALCIQUES
LACIDIPINE	ANTIHYPERTENSEURS SAUF ALPHA-BLOQUANTS
LACIDIPINE	DIHYDROPYRIDINES
LACIDIPINE	MEDICAMENTS ABAISSANT LA PRESSION ARTERIELLE
LAMOTRIGINE	ANTICONVULSIVANTS METABOLISES
LANREOTIDE	ANALOGUES DE LA SOMATOSTATINE
LANSOPRAZOLE	ANTISECRETOIRES INHIBITEURS DE LA POMPE A PROTONS
LANSOPRAZOLE	SUBSTANCES A ABSORPTION REDUITE PAR LES TOPIQUES GASTRO-INTESTINAUX, ANTIACIDES ET ADSORBANTS
LANTHANE	TOPIQUES GASTRO-INTESTINAUX, ANTIACIDES ET ADSORBANTS
LAPATINIB	INHIBITEURS DES TYROSINE KINASES METABOLISES
LAPATINIB	SUBSTRATS A RISQUE DU CYP3A4
LEDIPASVIR	SUBSTANCES A ABSORPTION REDUITE PAR LES TOPIQUES GASTRO-INTESTINAUX, ANTIACIDES ET ADSORBANTS
LERCANIDIPINE	ANTAGONISTES DES CANAUX CALCIQUES
LERCANIDIPINE	ANTIHYPERTENSEURS SAUF ALPHA-BLOQUANTS
LERCANIDIPINE	DIHYDROPYRIDINES
LERCANIDIPINE	MEDICAMENTS ABAISSANT LA PRESSION ARTERIELLE
LEVOBUNOLOL	ANTIHYPERTENSEURS SAUF ALPHA-BLOQUANTS
LEVOBUNOLOL	BRADYCARDISANTS
LEVOBUNOLOL	BETA-BLOQUANTS (SAUF ESMOLOL ET SOTALOL)
LEVOBUNOLOL	BETA-BLOQUANTS (SAUF ESMOLOL)
LEVOBUNOLOL	MEDICAMENTS ABAISSANT LA PRESSION ARTERIELLE
LEVODOPA	MEDICAMENTS A L'ORIGINE D'UNE HYPOTENSION ORTHOSTATIQUE
LEVOFLOXACINE	FLUOROQUINOLONES
LEVOFLOXACINE	MEDICAMENTS ABAISSANT LE SEUIL EPILEPTOGENE
LEVOFLOXACINE	SUBSTANCES A ABSORPTION REDUITE PAR LES TOPIQUES GASTRO-INTESTINAUX, ANTIACIDES ET ADSORBANTS
LEVOMENTHOL	MEDICAMENTS ABAISSANT LE SEUIL EPILEPTOGENE
LEVOMEPROMAZINE	MEDICAMENTS ABAISSANT LE SEUIL EPILEPTOGENE
LEVOMEPROMAZINE	MEDICAMENTS ATROPINIQUES
LEVOMEPROMAZINE	MEDICAMENTS SEDATIFS
LEVOMEPROMAZINE	MEDICAMENTS A L'ORIGINE D'UNE HYPOTENSION ORTHOSTATIQUE
LEVOMEPROMAZINE	NEUROLEPTIQUES
LEVOMEPROMAZINE	NEUROLEPTIQUES ANTIPSYCHOTIQUES (SAUF CLOZAPINE)
LEVOMEPROMAZINE	NEUROLEPTIQUES SUSCEPTIBLES DE DONNER DES TORSADES DE POINTES
LEVOMEPROMAZINE	SUBSTANCES SUSCEPTIBLES DE DONNER DES TORSADES DE POINTES
LEVOMEPROMAZINE	SUBSTANCES A ABSORPTION REDUITE PAR LES TOPIQUES GASTRO-INTESTINAUX, ANTIACIDES ET ADSORBANTS
LEVONORGESTREL	PROGESTATIFS CONTRACEPTIFS
LEVOTHYROXINE	HORMONES THYROIDIENNES
LEVOTHYROXINE	SUBSTANCES A ABSORPTION REDUITE PAR LES TOPIQUES GASTRO-INTESTINAUX, ANTIACIDES ET ADSORBANTS
LIDOCAINE	ANTIARYTHMIQUES
LINAGLIPTINE	GLIPTINES
LINCOMYCINE	LINCOSANIDES
LINCOMYCINE	SUBSTANCES A ABSORPTION REDUITE PAR LES TOPIQUES GASTRO-INTESTINAUX, ANTIACIDES ET ADSORBANTS
LINEZOLIDE	IMAO-A REVERSIBLES, Y COMPRIS LINEZOLIDE ET BLEU DE METHYLENE
LINEZOLIDE	MEDICAMENTS A L'ORIGINE D'UN SYNDROME SEROTONINERGIQUE
LIOTHYRONINE SODIQUE	HORMONES THYROIDIENNES
LIOTHYRONINE SODIQUE	SUBSTANCES A ABSORPTION REDUITE PAR LES TOPIQUES GASTRO-INTESTINAUX, ANTIACIDES ET ADSORBANTS
LISINOPRIL	ANTIHYPERTENSEURS SAUF ALPHA-BLOQUANTS
LISINOPRIL	HYPERKALIEMIANTS
LISINOPRIL	INHIBITEURS DE L'ENZYME DE CONVERSION
LISINOPRIL	MEDICAMENTS ABAISSANT LA PRESSION ARTERIELLE
LISURIDE	ALCALOIDES DE L'ERGOT DE SEIGLE DOPAMINERGIQUES
LISURIDE	ANTIPARKINSONIENS DOPAMINERGIQUES
LISURIDE	DOPAMINERGIQUES
LISURIDE	MEDICAMENTS A L'ORIGINE D'UNE HYPOTENSION ORTHOSTATIQUE
LITHIUM	MEDICAMENTS A L'ORIGINE D'UN SYNDROME SEROTONINERGIQUE
LOFLAZEPATE	BENZODIAZEPINES ET APPARENTES
LOFLAZEPATE	MEDICAMENTS SEDATIFS
LOMEFLOXACINE	FLUOROQUINOLONES
LOMEFLOXACINE	MEDICAMENTS ABAISSANT LE SEUIL EPILEPTOGENE
LOMEFLOXACINE	SUBSTANCES A ABSORPTION REDUITE PAR LES TOPIQUES GASTRO-INTESTINAUX, ANTIACIDES ET ADSORBANTS
LOMUSTINE	CYTOTOXIQUES
LOPINAVIR	INHIBITEURS DE PROTEASES BOOSTES PAR RITONAVIR
LOPRAZOLAM	BENZODIAZEPINES ET APPARENTES
LOPRAZOLAM	HYPNOTIQUES
LOPRAZOLAM	MEDICAMENTS SEDATIFS
LORAZEPAM	BENZODIAZEPINES ET APPARENTES
LORAZEPAM	MEDICAMENTS SEDATIFS
LORMETAZEPAM	BENZODIAZEPINES ET APPARENTES
LORMETAZEPAM	HYPNOTIQUES
LORMETAZEPAM	MEDICAMENTS SEDATIFS
LOSARTAN	ANTAGONISTES DES RECEPTEURS DE L'ANGIOTENSINE II
LOSARTAN	ANTIHYPERTENSEURS SAUF ALPHA-BLOQUANTS
LOSARTAN	HYPERKALIEMIANTS
LOSARTAN	MEDICAMENTS ABAISSANT LA PRESSION ARTERIELLE
LOXAPINE	MEDICAMENTS ATROPINIQUES
LOXAPINE	MEDICAMENTS SEDATIFS
LOXAPINE	MEDICAMENTS A L'ORIGINE D'UNE HYPOTENSION ORTHOSTATIQUE
LOXAPINE	NEUROLEPTIQUES
LOXAPINE	NEUROLEPTIQUES ANTIPSYCHOTIQUES (SAUF CLOZAPINE)
LUMEFANTRINE	ANTIPARASITAIRES SUSCEPTIBLES DE DONNER DES TORSADES DE POINTES
LUMEFANTRINE	SUBSTANCES SUSCEPTIBLES DE DONNER DES TORSADES DE POINTES
LUMEFANTRINE	SUBSTRATS A RISQUE DU CYP3A4
LYMECYCLINE	CYCLINES
LYMECYCLINE	SUBSTANCES A ABSORPTION REDUITE PAR LES TOPIQUES GASTRO-INTESTINAUX, ANTIACIDES ET ADSORBANTS
MAGALDRATE	ALUMINIUM (SELS)
MAGALDRATE	TOPIQUES GASTRO-INTESTINAUX, ANTIACIDES ET ADSORBANTS
MAGNESIUM (HYDROXYDE DE)	TOPIQUES GASTRO-INTESTINAUX, ANTIACIDES ET ADSORBANTS
MAGNESIUM (TRISILICATE DE)	TOPIQUES GASTRO-INTESTINAUX, ANTIACIDES ET ADSORBANTS
MANIDIPINE	ANTAGONISTES DES CANAUX CALCIQUES
MANIDIPINE	ANTIHYPERTENSEURS SAUF ALPHA-BLOQUANTS
MANIDIPINE	DIHYDROPYRIDINES
MANIDIPINE	MEDICAMENTS ABAISSANT LA PRESSION ARTERIELLE
MAPROTILINE	ANTIDEPRESSEURS IMIPRAMINIQUES
MAPROTILINE	MEDICAMENTS ABAISSANT LE SEUIL EPILEPTOGENE
MAPROTILINE	MEDICAMENTS ATROPINIQUES
MAPROTILINE	MEDICAMENTS SEDATIFS
MAPROTILINE	MEDICAMENTS A L'ORIGINE D'UNE HYPOTENSION ORTHOSTATIQUE
MECLOZINE	MEDICAMENTS ATROPINIQUES
MECLOZINE	MEDICAMENTS SEDATIFS
MEDROGESTONE	PROGESTATIFS NON CONTRACEPTIFS, ASSOCIES OU NON A UN ESTROGENE
MEDROXYPROGESTERONE	PROGESTATIFS CONTRACEPTIFS
MEDROXYPROGESTERONE	PROGESTATIFS NON CONTRACEPTIFS, ASSOCIES OU NON A UN ESTROGENE
MEFLOQUINE	BRADYCARDISANTS
MEFLOQUINE	MEDICAMENTS ABAISSANT LE SEUIL EPILEPTOGENE
MELOXICAM	ANTI-INFLAMMATOIRES NON STEROIDIENS
MELOXICAM	HYPERKALIEMIANTS
MELPHALAN	CYTOTOXIQUES
MENTHE	MEDICAMENTS ABAISSANT LE SEUIL EPILEPTOGENE
MENTHOL RACEMIQUE	MEDICAMENTS ABAISSANT LE SEUIL EPILEPTOGENE
MEPYRAMINE	MEDICAMENTS ATROPINIQUES
MEPYRAMINE	MEDICAMENTS SEDATIFS
MEQUITAZINE	MEDICAMENTS ATROPINIQUES
MEQUITAZINE	MEDICAMENTS SEDATIFS
MEQUITAZINE	SUBSTANCES SUSCEPTIBLES DE DONNER DES TORSADES DE POINTES
MEQUITAZINE	TORSADOGENES (SAUF ANTIPARASITAIRES, NEUROLEPTIQUES, METHADONE)
MERBROMINE	ANTISEPTIQUES MERCURIELS
MERCAPTOPURINE	ANTIPURINES
MERCAPTOPURINE	CYTOTOXIQUES
MEROPENEM	PENEMS
MESALAZINE	DERIVES DE L'ACIDE AMINOSALICYLIQUE (ASA)
METHADONE	MORPHINIQUES
METHADONE	MORPHINIQUES EN TRAITEMENT DE SUBSTITUTION
METHADONE	MEDICAMENTS SEDATIFS
METHADONE	MEDICAMENTS A RISQUE LORS DU SEVRAGE TABAGIQUE
METHADONE	SUBSTANCES SUSCEPTIBLES DE DONNER DES TORSADES DE POINTES
METHOTREXATE	CYTOTOXIQUES
METHOTREXATE	MEDICAMENTS NEPHROTOXIQUES
METHOXYFLURANE	ANESTHESIQUES VOLATILS HALOGENES
METHYCLOTHIAZIDE	ANTIHYPERTENSEURS SAUF ALPHA-BLOQUANTS
METHYCLOTHIAZIDE	DIURETIQUES
METHYCLOTHIAZIDE	DIURETIQUES HYPOKALIEMIANTS
METHYCLOTHIAZIDE	DIURETIQUES THIAZIDIQUES ET APPARENTES
METHYCLOTHIAZIDE	HYPOKALIEMIANTS
METHYCLOTHIAZIDE	HYPONATREMIANTS
METHYCLOTHIAZIDE	MEDICAMENTS ABAISSANT LA PRESSION ARTERIELLE
METHYLDOPA	ANTIHYPERTENSEURS CENTRAUX
METHYLDOPA	ANTIHYPERTENSEURS SAUF ALPHA-BLOQUANTS
METHYLDOPA	MEDICAMENTS ABAISSANT LA PRESSION ARTERIELLE
METHYLDOPA	MEDICAMENTS SEDATIFS
METHYLENECYCLINE	CYCLINES
METHYLENECYCLINE	SUBSTANCES A ABSORPTION REDUITE PAR LES TOPIQUES GASTRO-INTESTINAUX, ANTIACIDES ET ADSORBANTS
METHYLERGOMETRINE	ALCALOIDES DE L'ERGOT DE SEIGLE VASOCONSTRICTEURS
METHYLPHENIDATE	SYMPATHOMIMETIQUES INDIRECTS
METHYLPREDNISOLONE	GLUCOCORTICOIDES (SAUF HYDROCORTISONE)
METHYLPREDNISOLONE	HYPOKALIEMIANTS
METHYLPREDNISOLONE	SUBSTANCES A ABSORPTION REDUITE PAR LES TOPIQUES GASTRO-INTESTINAUX, ANTIACIDES ET ADSORBANTS
METOCLOPRAMIDE	MEDICAMENTS METHEMOGLOBINISANTS
METOCLOPRAMIDE	MEDICAMENTS SEDATIFS
METOCLOPRAMIDE	NEUROLEPTIQUES
METOCLOPRAMIDE	NEUROLEPTIQUES ANTIEMETIQUES
METOPIMAZINE	MEDICAMENTS ATROPINIQUES
METOPIMAZINE	MEDICAMENTS SEDATIFS
METOPIMAZINE	MEDICAMENTS A L'ORIGINE D'UNE HYPOTENSION ORTHOSTATIQUE
METOPIMAZINE	SUBSTANCES A ABSORPTION REDUITE PAR LES TOPIQUES GASTRO-INTESTINAUX, ANTIACIDES ET ADSORBANTS
METOPROLOL	ANTIHYPERTENSEURS SAUF ALPHA-BLOQUANTS
METOPROLOL	BRADYCARDISANTS
METOPROLOL	BETA-BLOQUANTS (SAUF ESMOLOL ET SOTALOL)
METOPROLOL	BETA-BLOQUANTS (SAUF ESMOLOL)
METOPROLOL	BETA-BLOQUANTS DANS L'INSUFFISANCE CARDIAQUE
METOPROLOL	MEDICAMENTS ABAISSANT LA PRESSION ARTERIELLE
METOPROLOL	SUBSTANCES A ABSORPTION REDUITE PAR LES TOPIQUES GASTRO-INTESTINAUX, ANTIACIDES ET ADSORBANTS
METRONIDAZOLE	ANTABUSE (REACTION)
MEXILETINE	ANTIARYTHMIQUES
MEXILETINE	ANTIARYTHMIQUES CLASSE I (SAUF LIDOCAINE)
MIANSERINE	MEDICAMENTS SEDATIFS
MIDAZOLAM	BENZODIAZEPINES ET APPARENTES
MIDAZOLAM	MEDICAMENTS SEDATIFS
MIDAZOLAM	SUBSTRATS A RISQUE DU CYP3A4
MIDECAMYCINE	MACROLIDES (SAUF SPIRAMYCINE)
MIDODRINE	BRADYCARDISANTS
MIDODRINE	SYMPATHOMIMETIQUES ALPHA (VOIES ORALE ET/OU NASALE)
MILLEPERTUIS	MEDICAMENTS A L'ORIGINE D'UN SYNDROME SEROTONINERGIQUE
MILNACIPRAN	MEDICAMENTS MIXTES ADRENERGIQUES-SEROTONINERGIQUES
MILNACIPRAN	MEDICAMENTS A L'ORIGINE D'UN SYNDROME SEROTONINERGIQUE
MINOCYCLINE	CYCLINES
MINOCYCLINE	SUBSTANCES A ABSORPTION REDUITE PAR LES TOPIQUES GASTRO-INTESTINAUX, ANTIACIDES ET ADSORBANTS
MIRTAZAPINE	MEDICAMENTS SEDATIFS
MITOMYCINE C	CYTOTOXIQUES
MITOXANTRONE	CYTOTOXIQUES
MIVACURIUM	CURARES
MOCLOBEMIDE	IMAO-A REVERSIBLES, Y COMPRIS LINEZOLIDE ET BLEU DE METHYLENE
MOCLOBEMIDE	MEDICAMENTS A L'ORIGINE D'UN SYNDROME SEROTONINERGIQUE
MOEXIPRIL	ANTIHYPERTENSEURS SAUF ALPHA-BLOQUANTS
MOEXIPRIL	HYPERKALIEMIANTS
MOEXIPRIL	INHIBITEURS DE L'ENZYME DE CONVERSION
MOEXIPRIL	MEDICAMENTS ABAISSANT LA PRESSION ARTERIELLE
MOLSIDOMINE	DERIVES NITRES ET APPARENTES
MOLSIDOMINE	MEDICAMENTS A L'ORIGINE D'UNE HYPOTENSION ORTHOSTATIQUE
MOMETASONE	AUTRES CORTICOIDES, NOTAMMENT INHALES
MONMECTITE	TOPIQUES GASTRO-INTESTINAUX, ANTIACIDES ET ADSORBANTS
MORNIFLUMATE	ANTI-INFLAMMATOIRES NON STEROIDIENS
MORNIFLUMATE	HYPERKALIEMIANTS
MORPHINE	ANALGESIQUES MORPHINIQUES AGONISTES
MORPHINE	ANALGESIQUES MORPHINIQUES DE PALIER III
MORPHINE	MORPHINIQUES
MORPHINE	MEDICAMENTS SEDATIFS
MOXIFLOXACINE	FLUOROQUINOLONES
MOXIFLOXACINE	MEDICAMENTS ABAISSANT LE SEUIL EPILEPTOGENE
MOXIFLOXACINE	SUBSTANCES SUSCEPTIBLES DE DONNER DES TORSADES DE POINTES
MOXIFLOXACINE	SUBSTANCES A ABSORPTION REDUITE PAR LES TOPIQUES GASTRO-INTESTINAUX, ANTIACIDES ET ADSORBANTS
MOXIFLOXACINE	TORSADOGENES (SAUF ANTIPARASITAIRES, NEUROLEPTIQUES, METHADONE)
MOXONIDINE	ANTIHYPERTENSEURS CENTRAUX
MOXONIDINE	ANTIHYPERTENSEURS SAUF ALPHA-BLOQUANTS
MOXONIDINE	MEDICAMENTS ABAISSANT LA PRESSION ARTERIELLE
MOXONIDINE	MEDICAMENTS SEDATIFS
NABUMETONE	ANTI-INFLAMMATOIRES NON STEROIDIENS
NABUMETONE	HYPERKALIEMIANTS
NADOLOL	ANTIHYPERTENSEURS SAUF ALPHA-BLOQUANTS
NADOLOL	BRADYCARDISANTS
NADOLOL	BETA-BLOQUANTS (SAUF ESMOLOL ET SOTALOL)
NADOLOL	BETA-BLOQUANTS (SAUF ESMOLOL)
NADOLOL	MEDICAMENTS ABAISSANT LA PRESSION ARTERIELLE
NADROPARINE CALCIQUE	HYPERKALIEMIANTS
NADROPARINE CALCIQUE	HEPARINES
NADROPARINE CALCIQUE	HEPARINES DE BAS POIDS MOLECULAIRE ET APPARENTES (DOSES CURATIVES ET/OU SUJET AGE)
NADROPARINE CALCIQUE	HEPARINES DE BAS POIDS MOLECULAIRE ET APPARENTES (DOSES PREVENTIVES)
NALBUPHINE	MORPHINIQUES
NALBUPHINE	MORPHINIQUES AGONISTES-ANTAGONISTES
NALBUPHINE	MEDICAMENTS SEDATIFS
NALMEFENE	MORPHINIQUES
NALMEFENE	MORPHINIQUES ANTAGONISTES PARTIELS
NALOXONE	MORPHINIQUES
NALOXONE	MEDICAMENTS SEDATIFS
NALTREXONE	MORPHINIQUES
NALTREXONE	MORPHINIQUES ANTAGONISTES PARTIELS
NAPHAZOLINE	SYMPATHOMIMETIQUES ALPHA (VOIES ORALE ET/OU NASALE)
NAPROXENE	ANTI-INFLAMMATOIRES NON STEROIDIENS
NAPROXENE	HYPERKALIEMIANTS
NARATRIPTAN	TRIPTANS
NARATRIPTAN	TRIPTANS NON METABOLISES PAR LA MAO
NATALIZUMAB	ANTICORPS MONOCLONAUX (HORS ANTI-TNF ALPHA)
NATEGLINIDE	GLINIDES
NEBIVOLOL	ANTIHYPERTENSEURS SAUF ALPHA-BLOQUANTS
NEBIVOLOL	BRADYCARDISANTS
NEBIVOLOL	BETA-BLOQUANTS (SAUF ESMOLOL ET SOTALOL)
NEBIVOLOL	BETA-BLOQUANTS (SAUF ESMOLOL)
NEBIVOLOL	BETA-BLOQUANTS DANS L'INSUFFISANCE CARDIAQUE
NEBIVOLOL	MEDICAMENTS ABAISSANT LA PRESSION ARTERIELLE
NEFOPAM	MEDICAMENTS ATROPINIQUES
NEFOPAM	MEDICAMENTS SEDATIFS
NELARABINE	CYTOTOXIQUES
NEOSTIGMINE	ANTICHOLINESTERASIQUES
NEOSTIGMINE	BRADYCARDISANTS
NETILMICINE	AMINOSIDES
NETILMICINE	MEDICAMENTS NEPHROTOXIQUES
NETILMICINE	MEDICAMENTS OTOTOXIQUES
NEVIRAPINE	INDUCTEURS ENZYMATIQUES
NIAOULI	MEDICAMENTS ABAISSANT LE SEUIL EPILEPTOGENE
NICARDIPINE	ANTAGONISTES DES CANAUX CALCIQUES
NICARDIPINE	ANTIHYPERTENSEURS SAUF ALPHA-BLOQUANTS
NICARDIPINE	DIHYDROPYRIDINES
NICARDIPINE	MEDICAMENTS ABAISSANT LA PRESSION ARTERIELLE
NICORANDIL	DERIVES NITRES ET APPARENTES
NICORANDIL	MEDICAMENTS A L'ORIGINE D'UNE HYPOTENSION ORTHOSTATIQUE
NICOTINE	TRAITEMENTS DE SUBSTITUTION NICOTINIQUE
NIFEDIPINE	ANTAGONISTES DES CANAUX CALCIQUES
NIFEDIPINE	ANTIHYPERTENSEURS SAUF ALPHA-BLOQUANTS
NIFEDIPINE	DIHYDROPYRIDINES
NIFEDIPINE	MEDICAMENTS ABAISSANT LA PRESSION ARTERIELLE
NILOTINIB	INHIBITEURS DES TYROSINE KINASES METABOLISES
NILOTINIB	SUBSTRATS A RISQUE DU CYP3A4
NIMESULIDE	ANTI-INFLAMMATOIRES NON STEROIDIENS
NIMESULIDE	HYPERKALIEMIANTS
NIMODIPINE	ANTAGONISTES DES CANAUX CALCIQUES
NIMODIPINE	ANTIHYPERTENSEURS SAUF ALPHA-BLOQUANTS
NIMODIPINE	DIHYDROPYRIDINES
NIMODIPINE	MEDICAMENTS ABAISSANT LA PRESSION ARTERIELLE
NITRAZEPAM	BENZODIAZEPINES ET APPARENTES
NITRAZEPAM	HYPNOTIQUES
NITRAZEPAM	MEDICAMENTS SEDATIFS
NITRENDIPINE	ANTAGONISTES DES CANAUX CALCIQUES
NITRENDIPINE	ANTIHYPERTENSEURS SAUF ALPHA-BLOQUANTS
NITRENDIPINE	DIHYDROPYRIDINES
NITRENDIPINE	MEDICAMENTS ABAISSANT LA PRESSION ARTERIELLE
NIVOLUMAB	ANTICORPS MONOCLONAUX (HORS ANTI-TNF ALPHA)
NIZATIDINE	ANTISECRETOIRES ANTIHISTAMINIQUES H2
NIZATIDINE	SUBSTANCES A ABSORPTION REDUITE PAR LES TOPIQUES GASTRO-INTESTINAUX, ANTIACIDES ET ADSORBANTS
NOMEGESTROL	PROGESTATIFS CONTRACEPTIFS
NOMEGESTROL	PROGESTATIFS NON CONTRACEPTIFS, ASSOCIES OU NON A UN ESTROGENE
NONOXYNOL 9	SPERMICIDES
NORADRENALINE	SYMPATHOMIMETIQUES ALPHA ET BETA (VOIE IM ET IV)
NORDAZEPAM	BENZODIAZEPINES ET APPARENTES
NORDAZEPAM	MEDICAMENTS SEDATIFS
NORELGESTROMINE	PROGESTATIFS CONTRACEPTIFS
NOREPINEPHRINE	SYMPATHOMIMETIQUES ALPHA ET BETA (VOIE IM ET IV)
NORETHANDROLONE	ANDROGENES
NORETHISTERONE	PROGESTATIFS CONTRACEPTIFS
NORETHISTERONE	PROGESTATIFS NON CONTRACEPTIFS, ASSOCIES OU NON A UN ESTROGENE
NORFLOXACINE	FLUOROQUINOLONES
NORFLOXACINE	MEDICAMENTS ABAISSANT LE SEUIL EPILEPTOGENE
NORFLOXACINE	SUBSTANCES A ABSORPTION REDUITE PAR LES TOPIQUES GASTRO-INTESTINAUX, ANTIACIDES ET ADSORBANTS
NORGESTIMATE	PROGESTATIFS CONTRACEPTIFS
NOSCAPINE	ANTITUSSIFS MORPHINE-LIKE
NOSCAPINE	MORPHINIQUES
NOSCAPINE	MEDICAMENTS SEDATIFS
OBINUTUZUMAB	ANTICORPS MONOCLONAUX (HORS ANTI-TNF ALPHA)
OCTREOTIDE	ANALOGUES DE LA SOMATOSTATINE
OFATUMUMAB	ANTICORPS MONOCLONAUX (HORS ANTI-TNF ALPHA)
OFLOXACINE	FLUOROQUINOLONES
OFLOXACINE	MEDICAMENTS ABAISSANT LE SEUIL EPILEPTOGENE
OFLOXACINE	SUBSTANCES A ABSORPTION REDUITE PAR LES TOPIQUES GASTRO-INTESTINAUX, ANTIACIDES ET ADSORBANTS
OLANZAPINE	MEDICAMENTS SEDATIFS
OLANZAPINE	MEDICAMENTS A L'ORIGINE D'UNE HYPOTENSION ORTHOSTATIQUE
OLANZAPINE	NEUROLEPTIQUES
OLANZAPINE	NEUROLEPTIQUES ANTIPSYCHOTIQUES (SAUF CLOZAPINE)
OLMESARTAN	ANTAGONISTES DES RECEPTEURS DE L'ANGIOTENSINE II
OLMESARTAN	ANTIHYPERTENSEURS SAUF ALPHA-BLOQUANTS
OLMESARTAN	HYPERKALIEMIANTS
OLMESARTAN	MEDICAMENTS ABAISSANT LA PRESSION ARTERIELLE
OLODATEROL	BETA-2 MIMETIQUES
OLSALAZINE	DERIVES DE L'ACIDE AMINOSALICYLIQUE (ASA)
OMBITASVIR	OMBITASVIR + PARITAPREVIR
OMEPRAZOLE	ANTISECRETOIRES INHIBITEURS DE LA POMPE A PROTONS
ORNIDAZOLE	ANTABUSE (REACTION)
OSIMERTINIB	INHIBITEURS DES TYROSINE KINASES METABOLISES
OTERACIL	CYTOTOXIQUES
OTERACIL	FLUOROURACILE (ET, PAR EXTRAPOLATION, AUTRES FLUOROPYRIMIDINES)
OXACILLINE	PENICILLINES
OXALIPLATINE	CYTOTOXIQUES
OXALIPLATINE	MEDICAMENTS NEPHROTOXIQUES
OXALIPLATINE	MEDICAMENTS OTOTOXIQUES
OXALIPLATINE	ORGANOPLATINES
OXAZEPAM	BENZODIAZEPINES ET APPARENTES
OXAZEPAM	MEDICAMENTS SEDATIFS
OXCARBAZEPINE	ANTICONVULSIVANTS METABOLISES
OXCARBAZEPINE	HYPONATREMIANTS
OXCARBAZEPINE	INDUCTEURS ENZYMATIQUES
OXETORONE	MEDICAMENTS SEDATIFS
OXITRIPTAN	MEDICAMENTS MIXTES ADRENERGIQUES-SEROTONINERGIQUES
OXITRIPTAN	MEDICAMENTS A L'ORIGINE D'UN SYNDROME SEROTONINERGIQUE
OXOMEMAZINE	MEDICAMENTS ABAISSANT LE SEUIL EPILEPTOGENE
OXOMEMAZINE	MEDICAMENTS ATROPINIQUES
OXOMEMAZINE	MEDICAMENTS SEDATIFS
OXOMEMAZINE	MEDICAMENTS A L'ORIGINE D'UNE HYPOTENSION ORTHOSTATIQUE
OXOMEMAZINE	NEUROLEPTIQUES
OXOMEMAZINE	SUBSTANCES A ABSORPTION REDUITE PAR LES TOPIQUES GASTRO-INTESTINAUX, ANTIACIDES ET ADSORBANTS
OXYBATE DE SODIUM	MEDICAMENTS SEDATIFS
OXYBUTYNINE	ANTISPASMODIQUES URINAIRES
OXYBUTYNINE	MEDICAMENTS ATROPINIQUES
OXYCODONE	ANALGESIQUES MORPHINIQUES AGONISTES
OXYCODONE	ANALGESIQUES MORPHINIQUES DE PALIER III
OXYCODONE	MORPHINIQUES
OXYCODONE	MEDICAMENTS SEDATIFS
OXYCODONE	SUBSTRATS A RISQUE DU CYP3A4
OXYMETAZOLINE	SYMPATHOMIMETIQUES ALPHA (VOIES ORALE ET/OU NASALE)
OXYTETRACYCLINE	CYCLINES
OXYTETRACYCLINE	SUBSTANCES A ABSORPTION REDUITE PAR LES TOPIQUES GASTRO-INTESTINAUX, ANTIACIDES ET ADSORBANTS
P A S SODIQUE	DERIVES DE L'ACIDE AMINOSALICYLIQUE (ASA)
PACLITAXEL	CYTOTOXIQUES
PALIPERIDONE	MEDICAMENTS SEDATIFS
PALIPERIDONE	MEDICAMENTS A L'ORIGINE D'UNE HYPOTENSION ORTHOSTATIQUE
PALIPERIDONE	NEUROLEPTIQUES
PALIPERIDONE	NEUROLEPTIQUES ANTIPSYCHOTIQUES (SAUF CLOZAPINE)
PANITUMUMAB	ANTICORPS MONOCLONAUX (HORS ANTI-TNF ALPHA)
PANTOPRAZOLE	ANTISECRETOIRES INHIBITEURS DE LA POMPE A PROTONS
PARAFFINE	HUILES MINERALES
PARECOXIB	ANTI-INFLAMMATOIRES NON STEROIDIENS
PARECOXIB	HYPERKALIEMIANTS
PARITAPREVIR	OMBITASVIR + PARITAPREVIR
PAROXETINE	HYPONATREMIANTS
PAROXETINE	INHIBITEURS SELECTIFS DE LA RECAPTURE DE LA SEROTONINE
PAROXETINE	MEDICAMENTS ABAISSANT LE SEUIL EPILEPTOGENE
PAROXETINE	MEDICAMENTS A L'ORIGINE D'UN SYNDROME SEROTONINERGIQUE
PASIREOTIDE	ANALOGUES DE LA SOMATOSTATINE
PASIREOTIDE	BRADYCARDISANTS
PAZOPANIB	INHIBITEURS DES TYROSINE KINASES METABOLISES
PAZOPANIB	SUBSTRATS A RISQUE DU CYP3A4
PEFLOXACINE	FLUOROQUINOLONES
PEFLOXACINE	MEDICAMENTS ABAISSANT LE SEUIL EPILEPTOGENE
PEFLOXACINE	SUBSTANCES A ABSORPTION REDUITE PAR LES TOPIQUES GASTRO-INTESTINAUX, ANTIACIDES ET ADSORBANTS
PEMBROLIZUMAB	ANTICORPS MONOCLONAUX (HORS ANTI-TNF ALPHA)
PENFLURIDOL	MEDICAMENTS ABAISSANT LE SEUIL EPILEPTOGENE
PENFLURIDOL	MEDICAMENTS A L'ORIGINE D'UNE HYPOTENSION ORTHOSTATIQUE
PENFLURIDOL	NEUROLEPTIQUES
PENFLURIDOL	NEUROLEPTIQUES ANTIPSYCHOTIQUES (SAUF CLOZAPINE)
PENICILLAMINE	SUBSTANCES A ABSORPTION REDUITE PAR LES TOPIQUES GASTRO-INTESTINAUX, ANTIACIDES ET ADSORBANTS
PENTAMIDINE	ANTIPARASITAIRES SUSCEPTIBLES DE DONNER DES TORSADES DE POINTES
PENTAMIDINE	MEDICAMENTS NEPHROTOXIQUES
PENTAMIDINE	SUBSTANCES SUSCEPTIBLES DE DONNER DES TORSADES DE POINTES
PENTOSTATINE	CYTOTOXIQUES
PERAMPANEL	ANTICONVULSIVANTS METABOLISES
PERAMPANEL	MEDICAMENTS SEDATIFS
PERGOLIDE	ALCALOIDES DE L'ERGOT DE SEIGLE DOPAMINERGIQUES
PERGOLIDE	ANTIPARKINSONIENS DOPAMINERGIQUES
PERGOLIDE	DOPAMINERGIQUES
PERGOLIDE	MEDICAMENTS A L'ORIGINE D'UNE HYPOTENSION ORTHOSTATIQUE
PERINDOPRIL TERT-BUTYLAMINE	ANTIHYPERTENSEURS SAUF ALPHA-BLOQUANTS
PERINDOPRIL TERT-BUTYLAMINE	HYPERKALIEMIANTS
PERINDOPRIL TERT-BUTYLAMINE	INHIBITEURS DE L'ENZYME DE CONVERSION
PERINDOPRIL TERT-BUTYLAMINE	MEDICAMENTS ABAISSANT LA PRESSION ARTERIELLE
PETHIDINE	ANALGESIQUES MORPHINIQUES AGONISTES
PETHIDINE	ANALGESIQUES MORPHINIQUES DE PALIER III
PETHIDINE	MORPHINIQUES
PETHIDINE	MEDICAMENTS SEDATIFS
PETHIDINE	MEDICAMENTS A L'ORIGINE D'UN SYNDROME SEROTONINERGIQUE
PHENINDIONE	ANTICOAGULANTS ORAUX
PHENIRAMINE	MEDICAMENTS ATROPINIQUES
PHENIRAMINE	MEDICAMENTS SEDATIFS
PHENOBARBITAL	ANTICONVULSIVANTS INDUCTEURS ENZYMATIQUES
PHENOBARBITAL	ANTICONVULSIVANTS METABOLISES
PHENOBARBITAL	BARBITURIQUES
PHENOBARBITAL	INDUCTEURS ENZYMATIQUES
PHENOBARBITAL	MEDICAMENTS SEDATIFS
PHENOBARBITAL	PHENOBARBITAL (ET, PAR EXTRAPOLATION, PRIMIDONE)
PHENOXYMETHYLPENICILLINE	PENICILLINES
PHENYLEPHRINE	SYMPATHOMIMETIQUES ALPHA (VOIES ORALE ET/OU NASALE)
PHENYLEPHRINE	SYMPATHOMIMETIQUES INDIRECTS
PHENYLTOLOXAMINE	MEDICAMENTS ATROPINIQUES
PHENYLTOLOXAMINE	MEDICAMENTS SEDATIFS
PHENYTOINE	ANTICONVULSIVANTS INDUCTEURS ENZYMATIQUES
PHENYTOINE	ANTICONVULSIVANTS METABOLISES
PHENYTOINE	INDUCTEURS ENZYMATIQUES
PHENYTOINE	PHENYTOINE (ET, PAR EXTRAPOLATION, FOSPHENYTOINE)
PHOLCODINE	ANTITUSSIFS MORPHINE-LIKE
PHOLCODINE	MORPHINIQUES
PHOLCODINE	MEDICAMENTS SEDATIFS
PHOSPHORE	SUBSTANCES A ABSORPTION REDUITE PAR LES TOPIQUES GASTRO-INTESTINAUX, ANTIACIDES ET ADSORBANTS
PILOCARPINE	BRADYCARDISANTS
PIMETHIXENE	MEDICAMENTS ATROPINIQUES
PIMETHIXENE	MEDICAMENTS SEDATIFS
PIMOZIDE	MEDICAMENTS ABAISSANT LE SEUIL EPILEPTOGENE
PIMOZIDE	MEDICAMENTS SEDATIFS
PIMOZIDE	MEDICAMENTS A L'ORIGINE D'UNE HYPOTENSION ORTHOSTATIQUE
PIMOZIDE	NEUROLEPTIQUES
PIMOZIDE	NEUROLEPTIQUES ANTIPSYCHOTIQUES (SAUF CLOZAPINE)
PIMOZIDE	NEUROLEPTIQUES SUSCEPTIBLES DE DONNER DES TORSADES DE POINTES
PIMOZIDE	SUBSTANCES SUSCEPTIBLES DE DONNER DES TORSADES DE POINTES
PIMOZIDE	SUBSTRATS A RISQUE DU CYP3A4
PINDOLOL	ANTIHYPERTENSEURS SAUF ALPHA-BLOQUANTS
PINDOLOL	BRADYCARDISANTS
PINDOLOL	BETA-BLOQUANTS (SAUF ESMOLOL ET SOTALOL)
PINDOLOL	BETA-BLOQUANTS (SAUF ESMOLOL)
PINDOLOL	MEDICAMENTS ABAISSANT LA PRESSION ARTERIELLE
PIPAMPERONE	MEDICAMENTS ABAISSANT LE SEUIL EPILEPTOGENE
PIPAMPERONE	MEDICAMENTS SEDATIFS
PIPAMPERONE	MEDICAMENTS A L'ORIGINE D'UNE HYPOTENSION ORTHOSTATIQUE
PIPAMPERONE	NEUROLEPTIQUES
PIPAMPERONE	NEUROLEPTIQUES ANTIPSYCHOTIQUES (SAUF CLOZAPINE)
PIPAMPERONE	NEUROLEPTIQUES SUSCEPTIBLES DE DONNER DES TORSADES DE POINTES
PIPAMPERONE	SUBSTANCES SUSCEPTIBLES DE DONNER DES TORSADES DE POINTES
PIPERACILLINE	PENICILLINES
PIPERAQUINE	SUBSTANCES SUSCEPTIBLES DE DONNER DES TORSADES DE POINTES
PIPERAQUINE	TORSADOGENES (SAUF ANTIPARASITAIRES, NEUROLEPTIQUES, METHADONE)
PIPERAZINE	SUBSTANCES A ABSORPTION REDUITE PAR LES TOPIQUES GASTRO-INTESTINAUX, ANTIACIDES ET ADSORBANTS
PIPOBROMAN	CYTOTOXIQUES
PIPOTIAZINE	MEDICAMENTS ABAISSANT LE SEUIL EPILEPTOGENE
PIPOTIAZINE	MEDICAMENTS ATROPINIQUES
PIPOTIAZINE	MEDICAMENTS SEDATIFS
PIPOTIAZINE	MEDICAMENTS A L'ORIGINE D'UNE HYPOTENSION ORTHOSTATIQUE
PIPOTIAZINE	NEUROLEPTIQUES
PIPOTIAZINE	NEUROLEPTIQUES ANTIPSYCHOTIQUES (SAUF CLOZAPINE)
PIPOTIAZINE	NEUROLEPTIQUES SUSCEPTIBLES DE DONNER DES TORSADES DE POINTES
PIPOTIAZINE	SUBSTANCES SUSCEPTIBLES DE DONNER DES TORSADES DE POINTES
PIPOTIAZINE	SUBSTANCES A ABSORPTION REDUITE PAR LES TOPIQUES GASTRO-INTESTINAUX, ANTIACIDES ET ADSORBANTS
PIRETANIDE	ANTIHYPERTENSEURS SAUF ALPHA-BLOQUANTS
PIRETANIDE	DIURETIQUES
PIRETANIDE	DIURETIQUES DE L'ANSE
PIRETANIDE	DIURETIQUES HYPOKALIEMIANTS
PIRETANIDE	HYPOKALIEMIANTS
PIRETANIDE	HYPONATREMIANTS
PIRETANIDE	MEDICAMENTS ABAISSANT LA PRESSION ARTERIELLE
PIRETANIDE	MEDICAMENTS OTOTOXIQUES
PIRIBEDIL	ANTIPARKINSONIENS DOPAMINERGIQUES
PIRIBEDIL	DOPAMINERGIQUES
PIRIBEDIL	MEDICAMENTS A L'ORIGINE D'UNE HYPOTENSION ORTHOSTATIQUE
PIROXICAM	ANTI-INFLAMMATOIRES NON STEROIDIENS
PIROXICAM	HYPERKALIEMIANTS
PIROXICAM-BETADEX	ANTI-INFLAMMATOIRES NON STEROIDIENS
PIROXICAM-BETADEX	HYPERKALIEMIANTS
PITAVASTATINE	INHIBITEURS DE L'HMG-COA REDUCTASE (STATINES)
PIVMECILLINAM	PENICILLINES
PIXANTRONE	CYTOTOXIQUES
PIZOTIFENE	MEDICAMENTS ATROPINIQUES
PIZOTIFENE	MEDICAMENTS SEDATIFS
PONATINIB	INHIBITEURS DES TYROSINE KINASES METABOLISES
POSACONAZOLE	INHIBITEURS PUISSANTS DU CYP3A4
POTASSIUM	HYPERKALIEMIANTS
POTASSIUM (CITRATE DE)	CITRATES
POVIDONE	TOPIQUES GASTRO-INTESTINAUX, ANTIACIDES ET ADSORBANTS
PRAMIPEXOLE	ANTIPARKINSONIENS DOPAMINERGIQUES
PRAMIPEXOLE	DOPAMINERGIQUES
PRAMIPEXOLE	MEDICAMENTS A L'ORIGINE D'UNE HYPOTENSION ORTHOSTATIQUE
PRASUGREL	ANTIAGREGANTS PLAQUETTAIRES
PRAVASTATINE	INHIBITEURS DE L'HMG-COA REDUCTASE (STATINES)
PRAZEPAM	BENZODIAZEPINES ET APPARENTES
PRAZEPAM	MEDICAMENTS SEDATIFS
PRAZOSINE	ALPHABLOQUANTS A VISEE UROLOGIQUE
PRAZOSINE	ANTIHYPERTENSEURS ALPHA-BLOQUANTS
PRAZOSINE	MEDICAMENTS ABAISSANT LA PRESSION ARTERIELLE
PRAZOSINE	MEDICAMENTS A L'ORIGINE D'UNE HYPOTENSION ORTHOSTATIQUE
PREDNISOLONE	GLUCOCORTICOIDES (SAUF HYDROCORTISONE)
PREDNISOLONE	HYPOKALIEMIANTS
PREDNISOLONE	SUBSTANCES A ABSORPTION REDUITE PAR LES TOPIQUES GASTRO-INTESTINAUX, ANTIACIDES ET ADSORBANTS
PREDNISONE	GLUCOCORTICOIDES (SAUF HYDROCORTISONE)
PREDNISONE	HYPOKALIEMIANTS
PREDNISONE	SUBSTANCES A ABSORPTION REDUITE PAR LES TOPIQUES GASTRO-INTESTINAUX, ANTIACIDES ET ADSORBANTS
PREGABALINE	MEDICAMENTS SEDATIFS
PRILOCAINE	MEDICAMENTS METHEMOGLOBINISANTS
PRIMIDONE	ANTICONVULSIVANTS INDUCTEURS ENZYMATIQUES
PRIMIDONE	ANTICONVULSIVANTS METABOLISES
PRIMIDONE	BARBITURIQUES
PRIMIDONE	INDUCTEURS ENZYMATIQUES
PRIMIDONE	MEDICAMENTS SEDATIFS
PRIMIDONE	PHENOBARBITAL (ET, PAR EXTRAPOLATION, PRIMIDONE)
PROCARBAZINE	ANTABUSE (REACTION)
PROCARBAZINE	CYTOTOXIQUES
PROGESTERONE	PROGESTATIFS NON CONTRACEPTIFS, ASSOCIES OU NON A UN ESTROGENE
PROGUANIL	SUBSTANCES A ABSORPTION REDUITE PAR LES TOPIQUES GASTRO-INTESTINAUX, ANTIACIDES ET ADSORBANTS
PROMEGESTONE	PROGESTATIFS NON CONTRACEPTIFS, ASSOCIES OU NON A UN ESTROGENE
PROMESTRIENE	ESTROGENES NON CONTRACEPTIFS
PROMETHAZINE	HYPNOTIQUES
PROMETHAZINE	MEDICAMENTS ABAISSANT LE SEUIL EPILEPTOGENE
PROMETHAZINE	MEDICAMENTS ATROPINIQUES
PROMETHAZINE	MEDICAMENTS SEDATIFS
PROMETHAZINE	MEDICAMENTS A L'ORIGINE D'UNE HYPOTENSION ORTHOSTATIQUE
PROMETHAZINE	NEUROLEPTIQUES
PROMETHAZINE	SUBSTANCES A ABSORPTION REDUITE PAR LES TOPIQUES GASTRO-INTESTINAUX, ANTIACIDES ET ADSORBANTS
PROPAFENONE	ANTIARYTHMIQUES
PROPAFENONE	ANTIARYTHMIQUES CLASSE I (SAUF LIDOCAINE)
PROPERICIAZINE	MEDICAMENTS ABAISSANT LE SEUIL EPILEPTOGENE
PROPERICIAZINE	MEDICAMENTS ATROPINIQUES
PROPERICIAZINE	MEDICAMENTS SEDATIFS
PROPERICIAZINE	MEDICAMENTS A L'ORIGINE D'UNE HYPOTENSION ORTHOSTATIQUE
PROPERICIAZINE	NEUROLEPTIQUES
PROPERICIAZINE	NEUROLEPTIQUES ANTIPSYCHOTIQUES (SAUF CLOZAPINE)
PROPERICIAZINE	SUBSTANCES A ABSORPTION REDUITE PAR LES TOPIQUES GASTRO-INTESTINAUX, ANTIACIDES ET ADSORBANTS
PROPRANOLOL	ANTIHYPERTENSEURS SAUF ALPHA-BLOQUANTS
PROPRANOLOL	BRADYCARDISANTS
PROPRANOLOL	BETA-BLOQUANTS (SAUF ESMOLOL ET SOTALOL)
PROPRANOLOL	BETA-BLOQUANTS (SAUF ESMOLOL)
PROPRANOLOL	MEDICAMENTS ABAISSANT LA PRESSION ARTERIELLE
PROPRANOLOL	SUBSTANCES A ABSORPTION REDUITE PAR LES TOPIQUES GASTRO-INTESTINAUX, ANTIACIDES ET ADSORBANTS
PRUCALOPRIDE	SUBSTANCES SUSCEPTIBLES DE DONNER DES TORSADES DE POINTES
PRUCALOPRIDE	TORSADOGENES (SAUF ANTIPARASITAIRES, NEUROLEPTIQUES, METHADONE)
PSEUDOEPHEDRINE	SYMPATHOMIMETIQUES INDIRECTS
PYRIDOSTIGMINE	ANTICHOLINESTERASIQUES
PYRIDOSTIGMINE	BRADYCARDISANTS
QUETIAPINE	MEDICAMENTS ATROPINIQUES
QUETIAPINE	MEDICAMENTS SEDATIFS
QUETIAPINE	MEDICAMENTS A L'ORIGINE D'UNE HYPOTENSION ORTHOSTATIQUE
QUETIAPINE	NEUROLEPTIQUES
QUETIAPINE	NEUROLEPTIQUES ANTIPSYCHOTIQUES (SAUF CLOZAPINE)
QUETIAPINE	SUBSTRATS A RISQUE DU CYP3A4
QUINAGOLIDE	DOPAMINERGIQUES
QUINAGOLIDE	DOPAMINERGIQUES, HORS PARKINSON
QUINAPRIL	ANTIHYPERTENSEURS SAUF ALPHA-BLOQUANTS
QUINAPRIL	HYPERKALIEMIANTS
QUINAPRIL	INHIBITEURS DE L'ENZYME DE CONVERSION
QUINAPRIL	MEDICAMENTS ABAISSANT LA PRESSION ARTERIELLE
QUINIDINE	ANTIARYTHMIQUES
QUINIDINE	ANTIARYTHMIQUES CLASSE I (SAUF LIDOCAINE)
QUINIDINE	ANTIARYTHMIQUES CLASSE IA
QUINIDINE	BRADYCARDISANTS
QUINIDINE	MEDICAMENTS ATROPINIQUES
QUINIDINE	SUBSTANCES SUSCEPTIBLES DE DONNER DES TORSADES DE POINTES
QUINIDINE	TORSADOGENES (SAUF ANTIPARASITAIRES, NEUROLEPTIQUES, METHADONE)
QUININE	SUBSTRATS A RISQUE DU CYP3A4
RABEPRAZOLE	ANTISECRETOIRES INHIBITEURS DE LA POMPE A PROTONS
RALTITREXED	CYTOTOXIQUES
RAMIPRIL	ANTIHYPERTENSEURS SAUF ALPHA-BLOQUANTS
RAMIPRIL	HYPERKALIEMIANTS
RAMIPRIL	INHIBITEURS DE L'ENZYME DE CONVERSION
RAMIPRIL	MEDICAMENTS ABAISSANT LA PRESSION ARTERIELLE
RAMUCIRUMAB	ANTICORPS MONOCLONAUX (HORS ANTI-TNF ALPHA)
RANITIDINE	ANTISECRETOIRES ANTIHISTAMINIQUES H2
RANITIDINE	SUBSTANCES A ABSORPTION REDUITE PAR LES TOPIQUES GASTRO-INTESTINAUX, ANTIACIDES ET ADSORBANTS
RASAGILINE	IMAO-B
RASAGILINE	ANTIPARKINSONIENS DOPAMINERGIQUES
RASAGILINE	DOPAMINERGIQUES
RASAGILINE	MEDICAMENTS A L'ORIGINE D'UNE HYPOTENSION ORTHOSTATIQUE
REGLISSE	HYPOKALIEMIANTS
REMIFENTANIL	ANALGESIQUES MORPHINIQUES AGONISTES
REMIFENTANIL	ANALGESIQUES MORPHINIQUES DE PALIER III
REMIFENTANIL	MORPHINIQUES
REMIFENTANIL	MEDICAMENTS SEDATIFS
REPAGLINIDE	GLINIDES
RETEPLASE	THROMBOLYTIQUES
RETIGABINE	ANTICONVULSIVANTS METABOLISES
REVIPARINE	HYPERKALIEMIANTS
REVIPARINE	HEPARINES
REVIPARINE	HEPARINES DE BAS POIDS MOLECULAIRE ET APPARENTES (DOSES CURATIVES ET/OU SUJET AGE)
REVIPARINE	HEPARINES DE BAS POIDS MOLECULAIRE ET APPARENTES (DOSES PREVENTIVES)
RHUBARBE	HYPOKALIEMIANTS
RICIN	HYPOKALIEMIANTS
RICINUS COMMUNIS	HYPOKALIEMIANTS
RIFABUTINE	INDUCTEURS ENZYMATIQUES
RIFAMPICINE	INDUCTEURS ENZYMATIQUES
RILMENIDINE	ANTIHYPERTENSEURS CENTRAUX
RILMENIDINE	ANTIHYPERTENSEURS SAUF ALPHA-BLOQUANTS
RILMENIDINE	MEDICAMENTS ABAISSANT LA PRESSION ARTERIELLE
RILMENIDINE	MEDICAMENTS SEDATIFS
RIOCIGUAT	MEDICAMENTS A L'ORIGINE D'UNE HYPOTENSION ORTHOSTATIQUE
RISPERIDONE	MEDICAMENTS SEDATIFS
RISPERIDONE	MEDICAMENTS A L'ORIGINE D'UNE HYPOTENSION ORTHOSTATIQUE
RISPERIDONE	NEUROLEPTIQUES
RISPERIDONE	NEUROLEPTIQUES ANTIPSYCHOTIQUES (SAUF CLOZAPINE)
RITONAVIR	INHIBITEURS DE PROTEASES BOOSTES PAR RITONAVIR
RITONAVIR	INHIBITEURS PUISSANTS DU CYP3A4
RITUXIMAB	ANTICORPS MONOCLONAUX (HORS ANTI-TNF ALPHA)
RIVAROXABAN	ANTICOAGULANTS ORAUX
RIVAROXABAN	SUBSTRATS A RISQUE DU CYP3A4
RIVASTIGMINE	ANTICHOLINESTERASIQUES
RIVASTIGMINE	BRADYCARDISANTS
RIZATRIPTAN	TRIPTANS
RIZATRIPTAN	TRIPTANS METABOLISES PAR LA MAO
ROCURONIUM	CURARES
ROCURONIUM	CURARES NON DEPOLARISANTS
ROFECOXIB	ANTI-INFLAMMATOIRES NON STEROIDIENS
ROFECOXIB	HYPERKALIEMIANTS
ROPINIROLE	ANTIPARKINSONIENS DOPAMINERGIQUES
ROPINIROLE	DOPAMINERGIQUES
ROPINIROLE	MEDICAMENTS SEDATIFS
ROPINIROLE	MEDICAMENTS A L'ORIGINE D'UNE HYPOTENSION ORTHOSTATIQUE
ROPINIROLE	MEDICAMENTS A RISQUE LORS DU SEVRAGE TABAGIQUE
ROSUVASTATINE	INHIBITEURS DE L'HMG-COA REDUCTASE (STATINES)
ROSUVASTATINE	SUBSTANCES A ABSORPTION REDUITE PAR LES TOPIQUES GASTRO-INTESTINAUX, ANTIACIDES ET ADSORBANTS
ROTAVIRUS	VACCINS VIVANTS ATTENUES
ROTIGOTINE	ANTIPARKINSONIENS DOPAMINERGIQUES
ROTIGOTINE	DOPAMINERGIQUES
ROXITHROMYCINE	MACROLIDES (SAUF SPIRAMYCINE)
RUPATADINE	MEDICAMENTS SEDATIFS
RUXOLITINIB	INHIBITEURS DES TYROSINE KINASES METABOLISES
SALBUTAMOL	BETA-2 MIMETIQUES
SAQUINAVIR	INHIBITEURS DE PROTEASES BOOSTES PAR RITONAVIR
SAXAGLIPTINE	GLIPTINES
SCOPOLAMINE	MEDICAMENTS ATROPINIQUES
SECNIDAZOLE	ANTABUSE (REACTION)
SELEGILINE	IMAO-B
SELEGILINE	ANTIPARKINSONIENS DOPAMINERGIQUES
SELEGILINE	DOPAMINERGIQUES
SELEGILINE	MEDICAMENTS A L'ORIGINE D'UNE HYPOTENSION ORTHOSTATIQUE
SENE	HYPOKALIEMIANTS
SENE DE L'INDE	HYPOKALIEMIANTS
SERTRALINE	HYPONATREMIANTS
SERTRALINE	INHIBITEURS SELECTIFS DE LA RECAPTURE DE LA SEROTONINE
SERTRALINE	MEDICAMENTS ABAISSANT LE SEUIL EPILEPTOGENE
SERTRALINE	MEDICAMENTS A L'ORIGINE D'UN SYNDROME SEROTONINERGIQUE
SEVELAMER	RESINES CHELATRICES
SEVOFLURANE	ANESTHESIQUES VOLATILS HALOGENES
SILDENAFIL	INHIBITEURS DE LA PHOSPHODIESTERASE DE TYPE 5
SILDENAFIL	MEDICAMENTS A L'ORIGINE D'UNE HYPOTENSION ORTHOSTATIQUE
SILICONE	HUILES MINERALES
SILODOSINE	ALPHABLOQUANTS A VISEE UROLOGIQUE
SILODOSINE	MEDICAMENTS A L'ORIGINE D'UNE HYPOTENSION ORTHOSTATIQUE
SIMVASTATINE	INHIBITEURS DE L'HMG-COA REDUCTASE (STATINES)
SIMVASTATINE	SUBSTRATS A RISQUE DU CYP3A4
SIROLIMUS	IMMUNOSUPPRESSEURS
SIROLIMUS	SUBSTRATS A RISQUE DU CYP3A4
SITAGLIPTINE	GLIPTINES
SODIUM (BICARBONATE DE)	ALCALINISANTS URINAIRES
SODIUM (CITRATE DE)	CITRATES
SODIUM (CITRATE DIACIDE DE)	CITRATES
SODIUM (DOCUSATE DE)	HYPOKALIEMIANTS
SODIUM (NITROPRUSSIATE DE)	MEDICAMENTS METHEMOGLOBINISANTS
SODIUM (OXYBATE DE)	MEDICAMENTS SEDATIFS
SODIUM (PICOSULFATE DE)	HYPOKALIEMIANTS
SODIUM (RICINOLEATE DE)	HYPOKALIEMIANTS
SOLIFENACINE	ANTISPASMODIQUES URINAIRES
SOLIFENACINE	MEDICAMENTS ATROPINIQUES
SORAFENIB	INHIBITEURS DES TYROSINE KINASES METABOLISES
SORAFENIB	SUBSTRATS A RISQUE DU CYP3A4
SOTALOL	ANTIARYTHMIQUES
SOTALOL	ANTIHYPERTENSEURS SAUF ALPHA-BLOQUANTS
SOTALOL	BRADYCARDISANTS
SOTALOL	BETA-BLOQUANTS (SAUF ESMOLOL)
SOTALOL	MEDICAMENTS ABAISSANT LA PRESSION ARTERIELLE
SOTALOL	SUBSTANCES SUSCEPTIBLES DE DONNER DES TORSADES DE POINTES
SOTALOL	TORSADOGENES (SAUF ANTIPARASITAIRES, NEUROLEPTIQUES, METHADONE)
SPECTINOMYCINE	MEDICAMENTS NEPHROTOXIQUES
SPIRAMYCINE	SUBSTANCES SUSCEPTIBLES DE DONNER DES TORSADES DE POINTES
SPIRAMYCINE	TORSADOGENES (SAUF ANTIPARASITAIRES, NEUROLEPTIQUES, METHADONE)
SPIRONOLACTONE	ANTIHYPERTENSEURS SAUF ALPHA-BLOQUANTS
SPIRONOLACTONE	DIURETIQUES
SPIRONOLACTONE	DIURETIQUES EPARGNEURS DE POTASSIUM (SEULS OU ASSOCIES)
SPIRONOLACTONE	HYPERKALIEMIANTS
SPIRONOLACTONE	HYPONATREMIANTS
SPIRONOLACTONE	MEDICAMENTS ABAISSANT LA PRESSION ARTERIELLE
STREPTOKINASE	THROMBOLYTIQUES
STREPTOMYCINE	AMINOSIDES
STREPTOMYCINE	MEDICAMENTS NEPHROTOXIQUES
STREPTOMYCINE	MEDICAMENTS OTOTOXIQUES
STREPTOZOCINE	CYTOTOXIQUES
STREPTOZOCINE	MEDICAMENTS NEPHROTOXIQUES
SUFENTANIL	ANALGESIQUES MORPHINIQUES AGONISTES
SUFENTANIL	ANALGESIQUES MORPHINIQUES DE PALIER III
SUFENTANIL	MORPHINIQUES
SUFENTANIL	MEDICAMENTS SEDATIFS
SUFENTANIL	SUBSTRATS A RISQUE DU CYP3A4
SULFADIAZINE	MEDICAMENTS METHEMOGLOBINISANTS
SULFADIAZINE	SULFAMIDES ANTIBACTERIENS
SULFADOXINE	MEDICAMENTS METHEMOGLOBINISANTS
SULFADOXINE	SULFAMIDES ANTIBACTERIENS
SULFAFURAZOL	MEDICAMENTS METHEMOGLOBINISANTS
SULFAFURAZOL	SULFAMIDES ANTIBACTERIENS
SULFAGUANIDINE	MEDICAMENTS METHEMOGLOBINISANTS
SULFAGUANIDINE	SULFAMIDES ANTIBACTERIENS
SULFAMETHIZOL	MEDICAMENTS METHEMOGLOBINISANTS
SULFAMETHIZOL	SULFAMIDES ANTIBACTERIENS
SULFAMETHOXAZOLE	MEDICAMENTS METHEMOGLOBINISANTS
SULFAMETHOXAZOLE	SULFAMIDES ANTIBACTERIENS
SULFASALAZINE	DERIVES DE L'ACIDE AMINOSALICYLIQUE (ASA)
SULINDAC	ANTI-INFLAMMATOIRES NON STEROIDIENS
SULINDAC	HYPERKALIEMIANTS
SULPIRIDE	MEDICAMENTS SEDATIFS
SULPIRIDE	MEDICAMENTS A L'ORIGINE D'UNE HYPOTENSION ORTHOSTATIQUE
SULPIRIDE	NEUROLEPTIQUES
SULPIRIDE	NEUROLEPTIQUES ANTIPSYCHOTIQUES (SAUF CLOZAPINE)
SULPIRIDE	NEUROLEPTIQUES SUSCEPTIBLES DE DONNER DES TORSADES DE POINTES
SULPIRIDE	SUBSTANCES SUSCEPTIBLES DE DONNER DES TORSADES DE POINTES
SULPIRIDE	SUBSTANCES A ABSORPTION REDUITE PAR LES TOPIQUES GASTRO-INTESTINAUX, ANTIACIDES ET ADSORBANTS
SUMATRIPTAN	TRIPTANS
SUMATRIPTAN	TRIPTANS METABOLISES PAR LA MAO
SUNITINIB	INHIBITEURS DES TYROSINE KINASES METABOLISES
SUNITINIB	SUBSTRATS A RISQUE DU CYP3A4
SUXAMETHONIUM	CURARES
SYNEPHRINE	SYMPATHOMIMETIQUES ALPHA (VOIES ORALE ET/OU NASALE)
TACROLIMUS	HYPERKALIEMIANTS
TACROLIMUS	IMMUNOSUPPRESSEURS
TACROLIMUS	MEDICAMENTS NEPHROTOXIQUES
TACROLIMUS	SUBSTRATS A RISQUE DU CYP3A4
TADALAFIL	INHIBITEURS DE LA PHOSPHODIESTERASE DE TYPE 5
TADALAFIL	MEDICAMENTS A L'ORIGINE D'UNE HYPOTENSION ORTHOSTATIQUE
TAMSULOSINE	ALPHABLOQUANTS A VISEE UROLOGIQUE
TAMSULOSINE	MEDICAMENTS ABAISSANT LA PRESSION ARTERIELLE
TAMSULOSINE	MEDICAMENTS A L'ORIGINE D'UNE HYPOTENSION ORTHOSTATIQUE
TAPENTADOL	ANALGESIQUES MORPHINIQUES AGONISTES
TAPENTADOL	ANALGESIQUES MORPHINIQUES DE PALIER III
TAPENTADOL	MEDICAMENTS SEDATIFS
TEGAFUR	CYTOTOXIQUES
TEGAFUR	FLUOROURACILE (ET, PAR EXTRAPOLATION, AUTRES FLUOROPYRIMIDINES)
TEICOPLANINE	MEDICAMENTS NEPHROTOXIQUES
TEICOPLANINE	MEDICAMENTS OTOTOXIQUES
TELAPREVIR	INHIBITEURS PUISSANTS DU CYP3A4
TELITHROMYCINE	INHIBITEURS PUISSANTS DU CYP3A4
TELITHROMYCINE	MACROLIDES (SAUF SPIRAMYCINE)
TELMISARTAN	ANTAGONISTES DES RECEPTEURS DE L'ANGIOTENSINE II
TELMISARTAN	ANTIHYPERTENSEURS SAUF ALPHA-BLOQUANTS
TELMISARTAN	HYPERKALIEMIANTS
TELMISARTAN	MEDICAMENTS ABAISSANT LA PRESSION ARTERIELLE
TEMOCILLINE	PENICILLINES
TEMOZOLOMIDE	CYTOTOXIQUES
TEMSIROLIMUS	IMMUNOSUPPRESSEURS
TEMSIROLIMUS	SUBSTRATS A RISQUE DU CYP3A4
TENECTEPLASE	THROMBOLYTIQUES
TENOFOVIR DISOPROXIL	MEDICAMENTS NEPHROTOXIQUES
TENONITROZOLE	ANTABUSE (REACTION)
TENOXICAM	ANTI-INFLAMMATOIRES NON STEROIDIENS
TENOXICAM	HYPERKALIEMIANTS
TERAZOSINE	ALPHABLOQUANTS A VISEE UROLOGIQUE
TERAZOSINE	MEDICAMENTS ABAISSANT LA PRESSION ARTERIELLE
TERAZOSINE	MEDICAMENTS A L'ORIGINE D'UNE HYPOTENSION ORTHOSTATIQUE
TERBUTALINE	BETA-2 MIMETIQUES
TERIFLUNOMIDE	SUBSTANCES A ABSORPTION REDUITE PAR LES TOPIQUES GASTRO-INTESTINAUX, ANTIACIDES ET ADSORBANTS
TERPINE	MEDICAMENTS ABAISSANT LE SEUIL EPILEPTOGENE
TERPINEOL	MEDICAMENTS ABAISSANT LE SEUIL EPILEPTOGENE
TERPINOL	MEDICAMENTS ABAISSANT LE SEUIL EPILEPTOGENE
TERTATOLOL	ANTIHYPERTENSEURS SAUF ALPHA-BLOQUANTS
TERTATOLOL	BRADYCARDISANTS
TERTATOLOL	BETA-BLOQUANTS (SAUF ESMOLOL ET SOTALOL)
TERTATOLOL	BETA-BLOQUANTS (SAUF ESMOLOL)
TERTATOLOL	MEDICAMENTS ABAISSANT LA PRESSION ARTERIELLE
TESTOSTERONE	ANDROGENES
TETRABENAZINE	MEDICAMENTS SEDATIFS
TETRACOSACTIDE	GLUCOCORTICOIDES (SAUF HYDROCORTISONE)
TETRACOSACTIDE	HYPOKALIEMIANTS
TETRACYCLINE	CYCLINES
TETRACYCLINE	SUBSTANCES A ABSORPTION REDUITE PAR LES TOPIQUES GASTRO-INTESTINAUX, ANTIACIDES ET ADSORBANTS
TETRAZEPAM	BENZODIAZEPINES ET APPARENTES
TETRYZOLINE	SYMPATHOMIMETIQUES ALPHA (VOIES ORALE ET/OU NASALE)
THALIDOMIDE	BRADYCARDISANTS
THALIDOMIDE	MEDICAMENTS SEDATIFS
THEODRENALINE	SYMPATHOMIMETIQUES INDIRECTS
THEOPHYLLINE	MEDICAMENTS A RISQUE LORS DU SEVRAGE TABAGIQUE
THEOPHYLLINE	THEOPHYLLINE (ET, PAR EXTRAPOLATION, AMINOPHYLLINE)
THIOMERSAL	ANTISEPTIQUES MERCURIELS
THIOPENTAL	BARBITURIQUES
THIOTEPA	CYTOTOXIQUES
THYMOL	MEDICAMENTS ABAISSANT LE SEUIL EPILEPTOGENE
THYROXINES	HORMONES THYROIDIENNES
THYROXINES	SUBSTANCES A ABSORPTION REDUITE PAR LES TOPIQUES GASTRO-INTESTINAUX, ANTIACIDES ET ADSORBANTS
TIAGABINE	ANTICONVULSIVANTS METABOLISES
TIAPRIDE	MEDICAMENTS SEDATIFS
TIAPRIDE	MEDICAMENTS A L'ORIGINE D'UNE HYPOTENSION ORTHOSTATIQUE
TIAPRIDE	NEUROLEPTIQUES
TIAPRIDE	NEUROLEPTIQUES ANTIPSYCHOTIQUES (SAUF CLOZAPINE)
TIAPRIDE	NEUROLEPTIQUES SUSCEPTIBLES DE DONNER DES TORSADES DE POINTES
TIAPRIDE	SUBSTANCES SUSCEPTIBLES DE DONNER DES TORSADES DE POINTES
TICAGRELOR	ANTIAGREGANTS PLAQUETTAIRES
TICAGRELOR	SUBSTRATS A RISQUE DU CYP3A4
TICARCILLINE	PENICILLINES
TICARCILLINE	PENICILLINES A
TICLOPIDINE	ANTIAGREGANTS PLAQUETTAIRES
TIGECYCLINE	CYCLINES
TIGECYCLINE	SUBSTANCES A ABSORPTION REDUITE PAR LES TOPIQUES GASTRO-INTESTINAUX, ANTIACIDES ET ADSORBANTS
TIMOLOL	ANTIHYPERTENSEURS SAUF ALPHA-BLOQUANTS
TIMOLOL	BRADYCARDISANTS
TIMOLOL	BETA-BLOQUANTS (SAUF ESMOLOL ET SOTALOL)
TIMOLOL	BETA-BLOQUANTS (SAUF ESMOLOL)
TIMOLOL	MEDICAMENTS ABAISSANT LA PRESSION ARTERIELLE
TINIDAZOLE	ANTABUSE (REACTION)
TINZAPARINE	HYPERKALIEMIANTS
TINZAPARINE	HEPARINES
TINZAPARINE	HEPARINES DE BAS POIDS MOLECULAIRE ET APPARENTES (DOSES CURATIVES ET/OU SUJET AGE)
TINZAPARINE	HEPARINES DE BAS POIDS MOLECULAIRE ET APPARENTES (DOSES PREVENTIVES)
TIOGUANINE	CYTOTOXIQUES
TIPRANAVIR	INHIBITEURS DE PROTEASES BOOSTES PAR RITONAVIR
TIRATRICOL	HORMONES THYROIDIENNES
TIRATRICOL	SUBSTANCES A ABSORPTION REDUITE PAR LES TOPIQUES GASTRO-INTESTINAUX, ANTIACIDES ET ADSORBANTS
TIROFIBAN	ANTIAGREGANTS PLAQUETTAIRES
TOBRAMYCINE	AMINOSIDES
TOBRAMYCINE	MEDICAMENTS NEPHROTOXIQUES
TOBRAMYCINE	MEDICAMENTS OTOTOXIQUES
TOCILIZUMAB	ANTICORPS MONOCLONAUX (HORS ANTI-TNF ALPHA)
TOLCAPONE	ANTIPARKINSONIENS DOPAMINERGIQUES
TOLCAPONE	DOPAMINERGIQUES
TOLCAPONE	INHIBITEURS DE LA CATECHOL-O-METHYLTRANSFERASE (COMT)
TOLCAPONE	MEDICAMENTS A L'ORIGINE D'UNE HYPOTENSION ORTHOSTATIQUE
TOLTERODINE	ANTISPASMODIQUES URINAIRES
TOLTERODINE	MEDICAMENTS ATROPINIQUES
TOPIRAMATE	ANTICONVULSIVANTS METABOLISES
TOPOTECANE	CYTOTOXIQUES
TOREMIFENE	SUBSTANCES SUSCEPTIBLES DE DONNER DES TORSADES DE POINTES
TOREMIFENE	TORSADOGENES (SAUF ANTIPARASITAIRES, NEUROLEPTIQUES, METHADONE)
TRAMADOL	ANALGESIQUES MORPHINIQUES AGONISTES
TRAMADOL	ANALGESIQUES MORPHINIQUES DE PALIER II
TRAMADOL	MORPHINIQUES
TRAMADOL	MEDICAMENTS ABAISSANT LE SEUIL EPILEPTOGENE
TRAMADOL	MEDICAMENTS SEDATIFS
TRAMADOL	MEDICAMENTS A L'ORIGINE D'UN SYNDROME SEROTONINERGIQUE
TRANDOLAPRIL	ANTIHYPERTENSEURS SAUF ALPHA-BLOQUANTS
TRANDOLAPRIL	HYPERKALIEMIANTS
TRANDOLAPRIL	INHIBITEURS DE L'ENZYME DE CONVERSION
TRANDOLAPRIL	MEDICAMENTS ABAISSANT LA PRESSION ARTERIELLE
TRASTUZUMAB	ANTICORPS MONOCLONAUX (HORS ANTI-TNF ALPHA)
TREPROSTINIL	ANTIAGREGANTS PLAQUETTAIRES
TRETINOINE	RETINOIDES
TRIAMCINOLONE	GLUCOCORTICOIDES (SAUF HYDROCORTISONE)
TRIAMCINOLONE	HYPOKALIEMIANTS
TRIAMCINOLONE	SUBSTANCES A ABSORPTION REDUITE PAR LES TOPIQUES GASTRO-INTESTINAUX, ANTIACIDES ET ADSORBANTS
TRIAMTERENE	ANTIHYPERTENSEURS SAUF ALPHA-BLOQUANTS
TRIAMTERENE	DIURETIQUES
TRIAMTERENE	DIURETIQUES EPARGNEURS DE POTASSIUM (SEULS OU ASSOCIES)
TRIAMTERENE	HYPERKALIEMIANTS
TRIAMTERENE	HYPONATREMIANTS
TRIAMTERENE	MEDICAMENTS ABAISSANT LA PRESSION ARTERIELLE
TRIHEXYPHENIDYLE	ANTIPARKINSONIENS ANTICHOLINERGIQUES
TRIHEXYPHENIDYLE	MEDICAMENTS ATROPINIQUES
TRIMETHOPRIME	HYPERKALIEMIANTS
TRIMIPRAMINE	ANTIDEPRESSEURS IMIPRAMINIQUES
TRIMIPRAMINE	MEDICAMENTS ABAISSANT LE SEUIL EPILEPTOGENE
TRIMIPRAMINE	MEDICAMENTS ATROPINIQUES
TRIMIPRAMINE	MEDICAMENTS SEDATIFS
TRIMIPRAMINE	MEDICAMENTS A L'ORIGINE D'UN SYNDROME SEROTONINERGIQUE
TRIMIPRAMINE	MEDICAMENTS A L'ORIGINE D'UNE HYPOTENSION ORTHOSTATIQUE
TRINITRINE	DERIVES NITRES ET APPARENTES
TRINITRINE	MEDICAMENTS A L'ORIGINE D'UNE HYPOTENSION ORTHOSTATIQUE
TRIPROLIDINE	MEDICAMENTS ATROPINIQUES
TRIPROLIDINE	MEDICAMENTS SEDATIFS
TROMETAMOL	ALCALINISANTS URINAIRES
TROPATEPINE	ANTIPARKINSONIENS ANTICHOLINERGIQUES
TROPATEPINE	MEDICAMENTS ATROPINIQUES
TROPICAMIDE	MEDICAMENTS ATROPINIQUES
TROSPIUM	MEDICAMENTS ATROPINIQUES
TUAMINOHEPTANE	SYMPATHOMIMETIQUES ALPHA (VOIES ORALE ET/OU NASALE)
ULIPRISTAL	SUBSTANCES A ABSORPTION REDUITE PAR LES TOPIQUES GASTRO-INTESTINAUX, ANTIACIDES ET ADSORBANTS
URAPIDIL	ANTIHYPERTENSEURS ALPHA-BLOQUANTS
URAPIDIL	MEDICAMENTS ABAISSANT LA PRESSION ARTERIELLE
UROKINASE	THROMBOLYTIQUES
USTEKINUMAB	ANTICORPS MONOCLONAUX (HORS ANTI-TNF ALPHA)
VALACICLOVIR	MEDICAMENTS NEPHROTOXIQUES
VALDECOXIB	ANTI-INFLAMMATOIRES NON STEROIDIENS
VALDECOXIB	HYPERKALIEMIANTS
VALGANCICLOVIR	MEDICAMENTS NEPHROTOXIQUES
VALPROMIDE	ANTICONVULSIVANTS METABOLISES
VALPROMIDE	VALPROIQUE (ACIDE) ET, PAR EXTRAPOLATION, VALPROMIDE
VALSARTAN	ANTAGONISTES DES RECEPTEURS DE L'ANGIOTENSINE II
VALSARTAN	ANTIHYPERTENSEURS SAUF ALPHA-BLOQUANTS
VALSARTAN	HYPERKALIEMIANTS
VALSARTAN	MEDICAMENTS ABAISSANT LA PRESSION ARTERIELLE
VANCOMYCINE	MEDICAMENTS NEPHROTOXIQUES
VANCOMYCINE	MEDICAMENTS OTOTOXIQUES
VANDETANIB	INHIBITEURS DES TYROSINE KINASES METABOLISES
VANDETANIB	SUBSTANCES SUSCEPTIBLES DE DONNER DES TORSADES DE POINTES
VANDETANIB	TORSADOGENES (SAUF ANTIPARASITAIRES, NEUROLEPTIQUES, METHADONE)
VARDENAFIL	INHIBITEURS DE LA PHOSPHODIESTERASE DE TYPE 5
VARDENAFIL	MEDICAMENTS A L'ORIGINE D'UNE HYPOTENSION ORTHOSTATIQUE
VECURONIUM	CURARES
VECURONIUM	CURARES NON DEPOLARISANTS
VEDOLIZUMAB	ANTICORPS MONOCLONAUX (HORS ANTI-TNF ALPHA)
VENLAFAXINE	MEDICAMENTS MIXTES ADRENERGIQUES-SEROTONINERGIQUES
VENLAFAXINE	MEDICAMENTS A L'ORIGINE D'UN SYNDROME SEROTONINERGIQUE
VERAPAMIL	ANTAGONISTES DES CANAUX CALCIQUES
VERAPAMIL	ANTIARYTHMIQUES
VERAPAMIL	ANTIHYPERTENSEURS SAUF ALPHA-BLOQUANTS
VERAPAMIL	BRADYCARDISANTS
VERAPAMIL	MEDICAMENTS ABAISSANT LA PRESSION ARTERIELLE
VILANTEROL	BETA-2 MIMETIQUES
VILDAGLIPTINE	GLIPTINES
VINBLASTINE	CYTOTOXIQUES
VINBLASTINE	SUBSTRATS A RISQUE DU CYP3A4
VINBLASTINE	VINCA-ALCALOIDES CYTOTOXIQUES
VINCAMINE	SUBSTANCES SUSCEPTIBLES DE DONNER DES TORSADES DE POINTES
VINCAMINE	TORSADOGENES (SAUF ANTIPARASITAIRES, NEUROLEPTIQUES, METHADONE)
VINCRISTINE	CYTOTOXIQUES
VINCRISTINE	SUBSTRATS A RISQUE DU CYP3A4
VINCRISTINE	VINCA-ALCALOIDES CYTOTOXIQUES
VINDESINE	CYTOTOXIQUES
VINDESINE	SUBSTRATS A RISQUE DU CYP3A4
VINDESINE	VINCA-ALCALOIDES CYTOTOXIQUES
VINFLUNINE	CYTOTOXIQUES
VINFLUNINE	SUBSTRATS A RISQUE DU CYP3A4
VINFLUNINE	VINCA-ALCALOIDES CYTOTOXIQUES
VINORELBINE	CYTOTOXIQUES
VINORELBINE	SUBSTRATS A RISQUE DU CYP3A4
VINORELBINE	VINCA-ALCALOIDES CYTOTOXIQUES
VIRUS DE LA FIEVRE JAUNE	VACCINS VIVANTS ATTENUES
VIRUS DE LA ROUGEOLE	VACCINS VIVANTS ATTENUES
VIRUS DES OREILLONS	VACCINS VIVANTS ATTENUES
VIRUS RUBEOLEUX	VACCINS VIVANTS ATTENUES
VIRUS VARICELLE-ZONA	VACCINS VIVANTS ATTENUES
VIRUS VIVANT ATTENUE DE LA GRIPPE	VACCINS VIVANTS ATTENUES
VORICONAZOLE	INHIBITEURS PUISSANTS DU CYP3A4
VORTIOXETINE	INHIBITEURS SELECTIFS DE LA RECAPTURE DE LA SEROTONINE
VORTIOXETINE	MEDICAMENTS ABAISSANT LA PRESSION ARTERIELLE
VORTIOXETINE	MEDICAMENTS A L'ORIGINE D'UNE HYPOTENSION ORTHOSTATIQUE
WARFARINE	ANTICOAGULANTS ORAUX
WARFARINE	ANTIVITAMINES K
ZICONOTIDE	MEDICAMENTS SEDATIFS
ZOFENOPRIL	ANTIHYPERTENSEURS SAUF ALPHA-BLOQUANTS
ZOFENOPRIL	HYPERKALIEMIANTS
ZOFENOPRIL	INHIBITEURS DE L'ENZYME DE CONVERSION
ZOFENOPRIL	MEDICAMENTS ABAISSANT LA PRESSION ARTERIELLE
ZOLMITRIPTAN	TRIPTANS
ZOLMITRIPTAN	TRIPTANS METABOLISES PAR LA MAO
ZOLPIDEM	BENZODIAZEPINES ET APPARENTES
ZOLPIDEM	HYPNOTIQUES
ZOLPIDEM	MEDICAMENTS SEDATIFS
ZONISAMIDE	ANTICONVULSIVANTS METABOLISES
ZOPICLONE	BENZODIAZEPINES ET APPARENTES
ZOPICLONE	HYPNOTIQUES
ZOPICLONE	MEDICAMENTS SEDATIFS
ZUCLOPENTHIXOL	MEDICAMENTS ATROPINIQUES
ZUCLOPENTHIXOL	MEDICAMENTS SEDATIFS
ZUCLOPENTHIXOL	MEDICAMENTS A L'ORIGINE D'UNE HYPOTENSION ORTHOSTATIQUE
ZUCLOPENTHIXOL	NEUROLEPTIQUES
ZUCLOPENTHIXOL	NEUROLEPTIQUES ANTIPSYCHOTIQUES (SAUF CLOZAPINE)
ZUCLOPENTHIXOL	NEUROLEPTIQUES SUSCEPTIBLES DE DONNER DES TORSADES DE POINTES
ZUCLOPENTHIXOL	SUBSTANCES SUSCEPTIBLES DE DONNER DES TORSADES DE POINTES
