entree	interaction	description_interaction	description_medoc	CI	AD	PE	PC	mecanisme
ACIDE ACETYLSALICYLIQUE	ANTICOAGULANTS ORAUX	CI - ASDEC - APEC Contre-indication avec : - des doses anti-inflammatoires d'acide acetylsalicylique (>=1g par prise et/ou >=3g par jour) - des doses antalgiques ou antipyretiques (>=500 mg par prise et/ou <3g par jour) et en cas d'antecedent d'ulcere gastro-duodenal Association deconseillee avec : - des doses antalgiques ou antipyretiques (>=500 mg par prise et/ou <3g par jour) en l'absence d'antecedent d'ulcere gastro-duodenal - des doses antiagregantes (de 50 mg a 375 mg par jour) et en cas d'antecedent d'ulcere gastro-duodenal. Necessite d'un controle le cas echeant, en particulier du temps de saignement. A prendre en compte avec : - des doses antiagregantes (de 50 mg a 375 mg par jour) Majoration du risque hemorragique, notamment en cas d'antecedent d'ulcere gastro-duodenal.	Voir aussi : antiagregants plaquettaires - substances a absorption reduite par les topiques gastro-intestinaux, antiacides et adsorbants	avec - des doses anti-inflammatoires d'acide acetylsalicylique (>=1g par prise et/ou >=3g par jour) - des doses antalgiques ou antipyretiques (>=500 mg par prise et/ou <3g par jour) et en cas d'antecedent d'ulcere gastro-duodenal	avec - des doses antalgiques ou antipyretiques (>=500 mg par prise et/ou <3g par jour) en l'absence d'antecedent d'ulcere gastro-duodenal - des doses antiagregantes (de 50 mg a 375 mg par jour) et en cas d'antecedent d'ulcere gastro-duodenal. Necessite d'un controle le cas echeant, en particulier du temps de saignement.		avec - des doses antiagregantes (de 50 mg a 375 mg par jour)	Majoration du risque hemorragique, notamment en cas d'antecedent d'ulcere gastro-duodenal.
ACIDE ACETYLSALICYLIQUE	ANTI-INFLAMMATOIRES NON STEROIDIENS	ASDEC - APEC Association deconseillee avec : - des doses anti-inflammatoires d'acide acetylsalicylique (>=1g par prise et/ou >=3g par jour) - des doses antalgiques ou antipyretiques (>=500 mg par prise et/ou <3g par jour) A prendre en compte avec : - des doses antiagregantes (de 50 mg a 375 mg par jour en 1 ou plusieurs prises) Majoration du risque ulcerogene et hemorragique digestif.	Voir aussi : antiagregants plaquettaires - substances a absorption reduite par les topiques gastro-intestinaux, antiacides et adsorbants		avec - des doses anti-inflammatoires d'acide acetylsalicylique (>=1g par prise et/ou >=3g par jour) - des doses antalgiques ou antipyretiques (>=500 mg par prise et/ou <3g par jour)		avec - des doses antiagregantes (de 50 mg a 375 mg par jour en 1 ou plusieurs prises)	Majoration du risque ulcerogene et hemorragique digestif.
ACIDE ACETYLSALICYLIQUE	CLOPIDOGREL	ASDEC - PE Association deconseillee : - en dehors des indications validees pour cette association dans les syndromes coronariens aigus. Precaution d'emploi : - dans les indications validees pour cette association dans les syndromes coronariens aigus. Surveillance clinique. Majoration du risque hemorragique par addition des activites antiagregantes plaquettaires.	Voir aussi : antiagregants plaquettaires - substances a absorption reduite par les topiques gastro-intestinaux, antiacides et adsorbants		- en dehors des indications validees pour cette association dans les syndromes coronariens aigus.	- dans les indications validees pour cette association dans les syndromes coronariens aigus. Surveillance clinique.		Majoration du risque hemorragique par addition des activites antiagregantes plaquettaires.
ACIDE ACETYLSALICYLIQUE	GLUCOCORTICOIDES (SAUF HYDROCORTISONE)	ASDEC - APEC Association deconseillee avec : - des doses anti-inflammatoires d'acide acetylsalicylique (>=1g par prise et/ou >=3g par jour) A prendre en compte avec : - des doses antalgiques ou antipyretiques (>=500 mg par prise et/ou <3g par jour). Majoration du risque hemorragique.	Voir aussi : antiagregants plaquettaires - substances a absorption reduite par les topiques gastro-intestinaux, antiacides et adsorbants		avec - des doses anti-inflammatoires d'acide acetylsalicylique (>=1g par prise et/ou >=3g par jour)		avec - des doses antalgiques ou antipyretiques (>=500 mg par prise et/ou <3g par jour).	Majoration du risque hemorragique.
ACIDE ACETYLSALICYLIQUE	HEPARINES DE BAS POIDS MOLECULAIRE ET APPARENTES (DOSES CURATIVES ET/OU SUJET AGE)	ASDEC - APEC Association deconseillee avec : - des doses anti-inflammatoires d'acide acetylsalicylique (>=1g par prise et/ou >=3g par jour) - des doses antalgiques ou antipyretiques (>=500 mg par prise et/ou <3g par jour) Utiliser un autre anti-inflammatoire ou un autre antalgique ou antipyretique. A prendre en compte avec : - des doses antiagregantes (de 50 mg a 375 mg par jour). Augmentation du risque hemorragique (inhibition de la fonction plaquettaire et agression de la muqueuse gastroduodenale par l'acide acetylsalicylique.	Voir aussi : antiagregants plaquettaires - substances a absorption reduite par les topiques gastro-intestinaux, antiacides et adsorbants		avec - des doses anti-inflammatoires d'acide acetylsalicylique (>=1g par prise et/ou >=3g par jour) - des doses antalgiques ou antipyretiques (>=500 mg par prise et/ou <3g par jour) Utiliser un autre anti-inflammatoire ou un autre antalgique ou antipyretique.		avec - des doses antiagregantes (de 50 mg a 375 mg par jour).	Augmentation du risque hemorragique (inhibition de la fonction plaquettaire et agression de la muqueuse gastroduodenale par l'acide acetylsalicylique.
ACIDE ACETYLSALICYLIQUE	HEPARINES NON FRACTIONNEES (DOSES CURATIVES ET/OU SUJET AGE)	ASDEC - APEC Association deconseillee avec : - des doses anti-inflammatoires d'acide acetylsalicylique (>=1g par prise et/ou >=3g par jour) - des doses antalgiques ou antipyretiques (>=500 mg par prise et/ou <3g par jour) Utiliser un autre anti-inflammatoire ou un autre antalgique ou antipyretique. A prendre en compte avec : - des doses antiagregantes (de 50 mg a 375 mg par jour). Augmentation du risque hemorragique (inhibition de la fonction plaquettaire et agression de la muqueuse gastroduodenale par l'acide acetylsalicylique).	Voir aussi : antiagregants plaquettaires - substances a absorption reduite par les topiques gastro-intestinaux, antiacides et adsorbants		avec - des doses anti-inflammatoires d'acide acetylsalicylique (>=1g par prise et/ou >=3g par jour) - des doses antalgiques ou antipyretiques (>=500 mg par prise et/ou <3g par jour) Utiliser un autre anti-inflammatoire ou un autre antalgique ou antipyretique.		avec - des doses antiagregantes (de 50 mg a 375 mg par jour).	Augmentation du risque hemorragique (inhibition de la fonction plaquettaire et agression de la muqueuse gastroduodenale par l'acide acetylsalicylique).
ACIDE ACETYLSALICYLIQUE	METHOTREXATE	CI - PE Avec le methotrexate utilise a des doses > 20 mg/semaine : - contre-indication avec l'acide acetylsalicylique utilise a doses antalgiques, antipyretiques ou anti-inflammatoires - precaution d'emploi avec des doses antiagregantes plaquettaires d'acide acetylsalicylique. Controle hebdomadaire de l'hemogramme durant les premieres semaines de l'association. Surveillance accrue en cas d'alteration (meme legere) de la fonction renale, ainsi que chez le sujet age. Avec le methotrexate utilise a des doses =< 20 mg/semaine : - precaution d'emploi avec l'acide acetylsalicylique utilise a doses antalgiques, antipyretiques ou anti-inflammatoires. Controle hebdomadaire de l'hemogramme durant les premieres semaines de l'association. Surveillance accrue en cas d'alteration (meme legere) de la fonction renale, ainsi que chez le sujet age. Majoration de la toxicite, notamment hematologique, du methotrexate (diminution de sa clairance renale par l'acide acetylsalicylique).	Voir aussi : antiagregants plaquettaires - substances a absorption reduite par les topiques gastro-intestinaux, antiacides et adsorbants	Avec le methotrexate utilise a des doses > 20 mg/semaine : - contre-indication avec l'acide acetylsalicylique utilise a doses antalgiques, antipyretiques ou anti-inflammatoires		Avec le methotrexate utilise a des doses > 20 mg/semaine : - precaution d'emploi avec des doses antiagregantes plaquettaires d'acide acetylsalicylique. Controle hebdomadaire de l'hemogramme durant les premieres semaines de l'association. Surveillance accrue en cas d'alteration (meme legere) de la fonction renale, ainsi que chez le sujet age. Avec le methotrexate utilise a des doses =< 20 mg/semaine : - precaution d'emploi avec l'acide acetylsalicylique utilise a doses antalgiques, antipyretiques ou anti-inflammatoires. Controle hebdomadaire de l'hemogramme durant les premieres semaines de l'association. Surveillance accrue en cas d'alteration (meme legere) de la fonction renale, ainsi que chez le sujet age.		Majoration de la toxicite, notamment hematologique, du methotrexate (diminution de sa clairance renale par l'acide acetylsalicylique).
ACIDE ACETYLSALICYLIQUE	PEMETREXED	ASDEC - PE Association deconseillee : - en cas de fonction renale faible a moderee . Precaution d'emploi : - en cas de fonction renale normale. Surveillance biologique de la fonction renale. Risque de majoration de la toxicite du pemetrexed (diminution de sa clairance renale par l'acide acetylsalicylique a doses anti- inflammatoires).	Voir aussi : antiagregants plaquettaires - substances a absorption reduite par les topiques gastro-intestinaux, antiacides et adsorbants		- en cas de fonction renale faible a moderee .	- en cas de fonction renale normale. Surveillance biologique de la fonction renale.		Risque de majoration de la toxicite du pemetrexed (diminution de sa clairance renale par l'acide acetylsalicylique a doses anti- inflammatoires).
ACIDE ACETYLSALICYLIQUE	TICAGRELOR	ASDEC - PE Association deconseillee : - en dehors des indications validees pour cette association dans les syndromes coronariens aigus. Precaution d'emploi : - dans les indications validees pour cette association dans les syndromes coronariens aigus. Surveillance clinique. Majoration du risque hemorragique par addition des activites antiagregantes plaquettaires.	Voir aussi : antiagregants plaquettaires - substances a absorption reduite par les topiques gastro-intestinaux, antiacides et adsorbants		- en dehors des indications validees pour cette association dans les syndromes coronariens aigus.	- dans les indications validees pour cette association dans les syndromes coronariens aigus. Surveillance clinique.		Majoration du risque hemorragique par addition des activites antiagregantes plaquettaires.
ALISKIREN	ANTAGONISTES DES RECEPTEURS DE L'ANGIOTENSINE II	CI - ASDEC Contre-indication : - chez le patient diabetique ou insuffisant renal Association deconseillee : - dans les autres cas Risque d'hyperkaliemie, d'insuffisance renale, d'augmentation de la morbi-mortalite cardio-vasculaire.	Voir aussi : antihypertenseurs sauf alpha-bloquants - medicaments abaissant la pression arterielle	- chez le patient diabetique ou insuffisant renal	- dans les autres cas			Risque d'hyperkaliemie, d'insuffisance renale, d'augmentation de la morbi-mortalite cardio-vasculaire.
ALISKIREN	INHIBITEURS DE L'ENZYME DE CONVERSION	CI - ASDEC Contre-indication : - chez le patient diabetique ou insuffisant renal Association deconseillee : - dans les autres cas Risque d'hyperkaliemie, d'insuffisance renale, d'augmentation de la morbi-mortalite cardio-vasculaire.	Voir aussi : antihypertenseurs sauf alpha-bloquants - medicaments abaissant la pression arterielle	- chez le patient diabetique ou insuffisant renal	- dans les autres cas			Risque d'hyperkaliemie, d'insuffisance renale, d'augmentation de la morbi-mortalite cardio-vasculaire.
ALPHABLOQUANTS A VISEE UROLOGIQUE	INHIBITEURS DE LA PHOSPHODIESTERASE DE TYPE 5	ASDEC - PE Association deconseillee : - avec la doxazosine Precaution d'emploi : - avec les autres alpha-bloquants Debuter le traitement aux posologies minimales recommandees et adapter progressivement les doses si besoin. Risque d'hypotension orthostatique, notamment chez le sujet age.	(alfuzosine, doxazosine, prazosine, silodosine, tamsulosine, terazosine)		- avec la doxazosine	- avec les autres alpha-bloquants Debuter le traitement aux posologies minimales recommandees et adapter progressivement les doses si besoin.		Risque d'hypotension orthostatique, notamment chez le sujet age.
AMINOSIDES	AMINOSIDES	CI - APEC Contre-indication : - en cas d'administration simultanee A prendre en compte : - en cas d'administrations successives Risque accru de nephrotoxicite et d'ototoxicite (l'ototoxicite est cumulative en cas d'administrations successives).	(amikacine, dibekacine, gentamicine, isepamicine, kanamycine, netilmicine, streptomycine, tobramycine)	- en cas d'administration simultanee			- en cas d'administrations successives	Risque accru de nephrotoxicite et d'ototoxicite (l'ototoxicite est cumulative en cas d'administrations successives).
AMIODARONE	DILTIAZEM	ASDEC - PE Association deconseillee avec : - le diltiazem IV Si l'association ne peut etre evitee, surveillance clinique et ECG continu. Precaution d'emploi avec : - le diltiazem per os Surveillance clinique et ECG. Pour diltiazem voie injectable : risque de bradycardie et de bloc auriculo-ventriculaire Pour diltiazem per os : risque de bradycardie ou de bloc auriculo- ventriculaire, notamment chez les personnes agees.	Voir aussi : antiarythmiques - bradycardisants - medicaments susceptibles de donner des torsades de pointes - torsadogenes (sauf antiparasitaires, neuroleptiques, methadone)		avec - le diltiazem IV. Si l'association ne peut etre evitee, surveillance clinique et ECG continu.	avec - le diltiazem per os. Surveillance clinique et ECG.		Pour diltiazem voie injectable : risque de bradycardie et de bloc auriculo-ventriculaire Pour diltiazem per os : risque de bradycardie ou de bloc auriculo- ventriculaire, notamment chez les personnes agees.
AMIODARONE	VERAPAMIL	ASDEC - PE Association deconseillee avec : - le verapamil IV Si l'association ne peut etre evitee, surveillance clinique et ECG continu. Precaution d'emploi avec : - le verapamil per os Surveillance clinique et ECG. Pour verapamil voie injectable : -risque de bradycardie ou de bloc auriculo-ventriculaire. Pour verapamil per os : -risque de bradycardie ou de bloc auriculo-ventriculaire, notamment chez les personnes agees.	Voir aussi : antiarythmiques - bradycardisants - medicaments susceptibles de donner des torsades de pointes - torsadogenes (sauf antiparasitaires, neuroleptiques, methadone)		avec - le verapamil IV. Si l'association ne peut etre evitee, surveillance clinique et ECG continu.	avec - le verapamil per os Surveillance clinique et ECG.		Pour verapamil voie injectable : -risque de bradycardie ou de bloc auriculo-ventriculaire. Pour verapamil per os : -risque de bradycardie ou de bloc auriculo-ventriculaire, notamment chez les personnes agees.
ANTAGONISTES DES CANAUX CALCIQUES	ANTICONVULSIVANTS INDUCTEURS ENZYMATIQUES	ASDEC - PE Association deconseillee avec la nimodipine Precaution d'emploi : Surveillance clinique et adaptation eventuelle de la posologie de l'antagoniste du calcium pendant le traitement par l'anticonvulsivant et apres son arret. Diminution des concentrations plasmatiques de l'antagoniste du calcium par augmentation de son metabolisme hepatique.	(amlodipine, barnidipine, clevidipine, diltiazem, felodipine, isradipine, lacidipine, lercanidipine, manidipine, nicardipine, nifedipine, nimodipine, nitrendipine, verapamil)		avec - la nimodipine	Surveillance clinique et adaptation eventuelle de la posologie de l'antagoniste du calcium pendant le traitement par l'anticonvulsivant et apres son arret.		Diminution des concentrations plasmatiques de l'antagoniste du calcium par augmentation de son metabolisme hepatique.
ANTAGONISTES DES CANAUX CALCIQUES	RIFAMPICINE	ASDEC - PE Association deconseillee avec la nimodipine Precaution d'emploi : Surveillance clinique et adaptation eventuelle de la posologie de l'antagoniste du calcium pendant le traitement par la rifampicine et apres son arret. Diminution des concentrations plasmatiques de l'antagoniste du calcium par augmentation de son metabolisme hepatique.	(amlodipine, barnidipine, clevidipine, diltiazem, felodipine, isradipine, lacidipine, lercanidipine, manidipine, nicardipine, nifedipine, nimodipine, nitrendipine, verapamil)		avec - la nimodipine	Surveillance clinique et adaptation eventuelle de la posologie de l'antagoniste du calcium pendant le traitement par la rifampicine et apres son arret.		Diminution des concentrations plasmatiques de l'antagoniste du calcium par augmentation de son metabolisme hepatique.
ANTIARYTHMIQUES	ANTIARYTHMIQUES	CI - ASDEC - APECL'association de deux antiarythmiques est tres delicate. Elle est dans la majorite des cas, contre-indiquee ou deconseillee.	De nombreux antiarythmiques sont depresseurs de l'automatisme, de la conduction et de la contractilite cardiaques.L'association d'antiarythmiques de classes differentes peut apporter un effet therapeutique benefique, mais s'avere le plus souvent tres delicate, necessitant une surveillance clinique etroite et un controle de l'ECG. L'association d'antiarythmiques donnant des torsades de pointes (amiodarone, disopyramide, quinidiniques, sotalol...) est contre-indiquee.L'association d'antiarythmiques de meme classe est deconseillee, sauf cas exceptionnel, en raison du risque accru d'effets indesirables cardiaques.L'association a des medicaments ayant des proprietes inotropes negatives, bradycardisantes et/ou ralentissant la conduction auriculo-ventriculaire est delicate et necessite une surveillance clinique et un controle de l'ECG.(amiodarone, cibenzoline, diltiazem, disopyramide, dronedarone, flecainide, hydroquinidine, lidocaine, mexiletine, propafenone, quinidine, sotalol, verapamil)	L’association d’antiarythmiques donnant des torsades de pointes (amiodarone, disopyramide, quinidiniques, sotalol…) est contre-indiquée.	L’association d’antiarythmiques de même classe est déconseillée, sauf cas exceptionnel, en raison du risque accru d’effets indésirables cardiaques.			L'association de deux antiarythmiques est tres delicate. Elle est dans la majorite des cas, contre-indiquee ou deconseillee.
ANTICOAGULANTS ORAUX	ANTI-INFLAMMATOIRES NON STEROIDIENS	CI - ASDEC Contre-indication : - avec la phenylbutazone. Association deconseillee : - avec les autres AINS. Si l'association ne peut etre evitee, surveillance clinique etroite, voire biologique . Augmentation du risque hemorragique de l'anticoagulant oral (agression de la muqueuse gastroduodenale par les anti- inflammatoires non steroidiens).	(acenocoumarol, apixaban, dabigatran, fluindione, phenindione, rivaroxaban, tioclomarol, warfarine)	- avec la phenylbutazone.	- avec les autres AINS. Si l'association ne peut etre evitee, surveillance clinique etroite, voire biologique .			Augmentation du risque hemorragique de l'anticoagulant oral (agression de la muqueuse gastroduodenale par les anti- inflammatoires non steroidiens).
ANTICONVULSIVANTS INDUCTEURS ENZYMATIQUES	VORICONAZOLE	CI - ASDEC Contre-indication : - pour carbamazepine, phenobarbital, primidone Association deconseillee : - pour phenytoine, fosphenytoine Si l'association ne peut etre evitee, surveillance clinique etroite, dosage des concentrations plasmatiques de phenytoine et adaptation eventuelle des posologies pendant l'association et apres l'arret du voriconazole. - pour carbamazepine, phenobarbital, primidone : Risque de baisse de l'efficacite du voriconazole par augmentation de son metabolisme hepatique par l'inducteur. - pour phenytoine, fosphenytoine : Diminution importante des concentrations plasmatiques du voriconazole avec risque de perte d'efficacite, par augmentation de son metabolisme hepatique par la phenytoine, d'une part, et augmentation des concentrations plasmatiques de la phenytoine par diminution de son metabolisme hepatique par le voriconazole, d'autre part.	(carbamazepine, fosphenytoine, phenobarbital, phenytoine, primidone)	- pour carbamazepine, phenobarbital, primidone	- pour phenytoine, fosphenytoine. Si l'association ne peut etre evitee, surveillance clinique etroite, dosage des concentrations plasmatiques de phenytoine et adaptation eventuelle des posologies pendant l'association et apres l'arret du voriconazole.			- pour carbamazepine, phenobarbital, primidone : Risque de baisse de l'efficacite du voriconazole par augmentation de son metabolisme hepatique par l'inducteur. - pour phenytoine, fosphenytoine : Diminution importante des concentrations plasmatiques du voriconazole avec risque de perte d'efficacite, par augmentation de son metabolisme hepatique par la phenytoine, d'une part, et augmentation des concentrations plasmatiques de la phenytoine par diminution de son metabolisme hepatique par le voriconazole, d'autre part.
ANTICORPS MONOCLONAUX (HORS ANTI-TNF ALPHA)	VACCINS VIVANTS ATTENUES	CI - ASDEC - APEC Contre-indication avec : - le canakinumab Association deconseillee avec : - belimumab, ofatumumab, tocilizumab, ustekinumab A prendre en compte avec : - brentuximab, cetuximab, ibritumomab, ipilimumab, natalizumab, panitumumab, pembrolizumab, ramucirumab, trastuzumab, vedolizumab Risque de maladie vaccinale generalisee, eventuellement mortelle.	(belimumab, brentuximab, canakinumab, cetuximab, ibritumomab, ipilimumab, natalizumab, ofatumumab, panitumumab, pembrolizumab, ramucirumab, tocilizumab, trastuzumab, ustekinumab, vedolizumab)	- le canakinumab	- belimumab, ofatumumab, tocilizumab, ustekinumab		- brentuximab, cetuximab, ibritumomab, ipilimumab, natalizumab, panitumumab, pembrolizumab, ramucirumab, trastuzumab, vedolizumab	Risque de maladie vaccinale generalisee, eventuellement mortelle.
ANTIFONGIQUES AZOLES	MIDAZOLAM	ASDEC - PE Precaution d'emploi avec : - le midazolam IV Surveillance clinique et reduction de la posologie de midazolam en cas de traitement par l'azole antifongique. Association deconseillee avec : - le midazolam per os. Augmentation des concentrations plasmatiques de midazolam par diminution de son metabolisme hepatique, avec majoration de la sedation.	(fluconazole, itraconazole, ketoconazole, posaconazole, voriconazole)		- le midazolam per os.	- le midazolam IV Surveillance clinique et reduction de la posologie de midazolam en cas de traitement par l'azole antifongique.		Augmentation des concentrations plasmatiques de midazolam par diminution de son metabolisme hepatique, avec majoration de la sedation.
ANTI-INFLAMMATOIRES NON STEROIDIENS	METHOTREXATE	CI - ASDEC - PE Association contre-indiquee avec : - la phenylbutazone, quelle que soit la dose de methotrexate et pour toutes les formes de phenylbutazone, y compris locales. Associations deconseillees: - avec les autres anti-inflammatoires non-steroidiens et pour des doses de methotrexate superieures a 20 mg par semaine. - avec le ketoprofene et le methotrexate a des doses superieures a 20 mg par semaines, respecter un intervalle d'au moins 12 heures entre l'arret ou le debut d'un traitement par ketoprofene et la prise de methotrexate. Association necessitant une precaution d'emploi : - avec les autres AINS et le methotrexate utilise a faibles doses (inferieures ou egales a 20 mg par semaine), controle hebdomadaire de l'hemogramme durant les premieres semaines de l'association. Surveillance accrue en cas d'alteration (meme legere) de la fonction renale, ainsi que chez le sujet age. Augmentation de la toxicite hematologique du methotrexate (diminution de la clairance renale du methotrexate par les anti- inflammatoires).	(aceclofenac, acide mefenamique, acide niflumique, acide tiaprofenique, alminoprofene, celecoxib, dexketoprofene trometamol, diclofenac, etodolac, etoricoxib, fenoprofene, flurbiprofene, ibuprofene, indometacine, ketoprofene, meloxicam, morniflumate, nabumetone, naproxene, nimesulide, parecoxib, phenylbutazone, piroxicam, piroxicam-betadex, rofecoxib, sulindac, tenoxicam, valdecoxib)	- la phenylbutazone, quelle que soit la dose de methotrexate et pour toutes les formes de phenylbutazone, y compris locales.	- avec les autres anti-inflammatoires non-steroidiens et pour des doses de methotrexate superieures a 20 mg par semaine. - avec le ketoprofene et le methotrexate a des doses superieures a 20 mg par semaines, respecter un intervalle d'au moins 12 heures entre l'arret ou le debut d'un traitement par ketoprofene et la prise de methotrexate.	- avec les autres AINS et le methotrexate utilise a faibles doses (inferieures ou egales a 20 mg par semaine), controle hebdomadaire de l'hemogramme durant les premieres semaines de l'association. Surveillance accrue en cas d'alteration (meme legere) de la fonction renale, ainsi que chez le sujet age.		Augmentation de la toxicite hematologique du methotrexate (diminution de la clairance renale du methotrexate par les anti- inflammatoires).
ANTI-INFLAMMATOIRES NON STEROIDIENS	PEMETREXED	ASDEC - PE Association deconseillee : - en cas de fonction renale faible a moderee. Precaution d'emploi : - en cas de fonction renale normale. Surveillance biologique de la fonction renale. Risque de majoration de la toxicite du pemetrexed (diminution de sa clairance renale par les AINS).	(aceclofenac, acide mefenamique, acide niflumique, acide tiaprofenique, alminoprofene, celecoxib, dexketoprofene trometamol, diclofenac, etodolac, etoricoxib, fenoprofene, flurbiprofene, ibuprofene, indometacine, ketoprofene, meloxicam, morniflumate, nabumetone, naproxene, nimesulide, parecoxib, phenylbutazone, piroxicam, piroxicam-betadex, rofecoxib, sulindac, tenoxicam, valdecoxib)		- en cas de fonction renale faible a moderee.	- en cas de fonction renale normale. Surveillance biologique de la fonction renale.		Risque de majoration de la toxicite du pemetrexed (diminution de sa clairance renale par les AINS).
ANTIPARASITAIRES SUSCEPTIBLES DE DONNER DES TORSADES DE POINTES	MEDICAMENTS SUSCEPTIBLES DE DONNER DES TORSADES DE POINTES	CI - ASDEC Contre-indication: - avec le citalopram,la domperidone, l'escitalopram, l'hydroxyzine et la piperaquine. Association deconseillee: - avec les autres medicaments susceptibles de donner des torsades de pointe. Si cela est possible, interrompre l'un des deux traitements. Si l'association ne peut etre evitee, controle prealable du QT et surveillance ECG monitoree. Risque majore de troubles du rythme ventriculaire, notamment de torsades de pointes.	(chloroquine, halofantrine, lumefantrine, pentamidine)	- avec le citalopram,la domperidone, l'escitalopram, l'hydroxyzine et la piperaquine.	- avec les autres medicaments susceptibles de donner des torsades de pointe. Si cela est possible, interrompre l'un des deux traitements. Si l'association ne peut etre evitee, controle prealable du QT et surveillance ECG monitoree.			Risque majore de troubles du rythme ventriculaire, notamment de torsades de pointes.
ANTISECRETOIRES INHIBITEURS DE LA POMPE A PROTONS	METHOTREXATE	ASDEC - APEC Association deconseillee : - avec le methotrexate aux doses > 20 mg / semaine A prendre en compte : - pour des doses inferieures Risque d'augmentation de la toxicite du methotrexate par diminution de son elimination.	(dexlansoprazole, esomeprazole, lansoprazole, omeprazole, pantoprazole, rabeprazole)		- avec le methotrexate aux doses > 20 mg / semaine		- pour des doses inferieures	Risque d'augmentation de la toxicite du methotrexate par diminution de son elimination.
ANTISPASMODIQUES URINAIRES	INHIBITEURS PUISSANTS DU CYP3A4	CI - ASDEC - PE Contre-indication : - avec la darifenacine - avec la fesoterodine et la solifenacine, en cas d'insuffisance renale ou hepatique, moderee a severe. Association deconseillee : - avec la toltetrodine Precaution d'emploi: - avec la fesoterodine ou la solifenacine, chez le patient a fonction renale et hepatique normales, reduire la dose a 4 mg ou 5 mg, respectivement, en cas d'association a un inhibiteur puissant du CYP3A4. Risque de majoration des effets indesirables.	(darifenacine, fesoterodine, solifenacine, tolterodine)	- avec la darifenacine - avec la fesoterodine et la solifenacine, en cas d'insuffisance renale ou hepatique, moderee a severe.	- avec la toltetrodine	- avec la fesoterodine ou la solifenacine, chez le patient a fonction renale et hepatique normales, reduire la dose a 4 mg ou 5 mg, respectivement, en cas d'association a un inhibiteur puissant du CYP3A4.		Risque de majoration des effets indesirables.
CALCIUM	DIGOXINE	CI - PE Contre-indication : - avec les sels de calcium IV, hormis supplementation parenterale. Precaution d'emploi : - avec les sels de calcium par voie orale. Surveillance clinique et, s'il y a lieu, controle de l'ECG et de la calcemie. Risque de troubles du rythme graves, voire mortels avec les sels de calcium administres par voie IV.		- avec les sels de calcium IV, hormis supplementation parenterale.		- avec les sels de calcium par voie orale. Surveillance clinique et, s'il y a lieu, controle de l'ECG et de la calcemie.		Risque de troubles du rythme graves, voire mortels avec les sels de calcium administres par voie IV.
CLARITHROMYCINE	MIDAZOLAM	ASDEC - PE Association deconseillee: - avec le midazolam per os Precaution d'emploi : - avec le midazolam IV Surveillance clinique et reduction de la posologie de midazolam en cas de traitement par la clarithromycine. Augmentation des concentrations plasmatiques de midazolam par diminution de son metabolisme hepatique, avec majoration de la sedation.	Voir aussi : inhibiteurs puissants du CYP3A4 - macrolides (sauf spiramycine)		- avec le midazolam per os	- avec le midazolam IV Surveillance clinique et reduction de la posologie de midazolam en cas de traitement par la clarithromycine.		Augmentation des concentrations plasmatiques de midazolam par diminution de son metabolisme hepatique, avec majoration de la sedation.
DACLATASVIR	INDUCTEURS ENZYMATIQUES	CI - PE Contre-indication: - avec la rifampicine - avec les anticonvulsivants inducteurs enzymatiques Precaution d'emploi: - avec les autres inducteurs, la dose recommandee est de 90 mg/jour de daclatasvir Diminution des concentrations plasmatiques de daclatasvir par augmentation de son metabolisme hepatique par l'inducteur.		- avec la rifampicine - avec les anticonvulsivants inducteurs enzymatiques		- avec les autres inducteurs, la dose recommandee est de 90 mg/jour de daclatasvir		Diminution des concentrations plasmatiques de daclatasvir par augmentation de son metabolisme hepatique par l'inducteur.
DAPOXETINE	MEDICAMENTS A L'ORIGINE D'UNE HYPOTENSION ORTHOSTATIQUE	ASDEC - APEC Association deconseillee - avec les inhibiteurs de la phosphodiesterase de type 5 A prendre en compte - avec les autres classes therapeutiques Risque de majoration des effets indesirables, notamment a type de vertiges ou de syncopes.	Voir aussi : inhibiteurs selectifs de la recapture de la serotonine - medicaments sedatifs		- avec les inhibiteurs de la phosphodiesterase de type 5		- avec les autres classes therapeutiques	Risque de majoration des effets indesirables, notamment a type de vertiges ou de syncopes.
DILTIAZEM	ESMOLOL	ASDEC - PE Association deconseillee : - en cas d'alteration de la fonction ventriculaire gauche. Precaution d'emploi : - si la fonction ventriculaire gauche est normale. Surveillance clinique et ECG. Troubles de l'automatisme (bradycardie excessive, arret sinusal), troubles de la conduction sino-auriculaire et auriculo-ventriculaire et defaillance cardiaque.	Voir aussi : antagonistes des canaux calciques - antiarythmiques - antihypertenseurs sauf alpha-bloquants - bradycardisants - medicaments abaissant la pression arterielle		- en cas d'alteration de la fonction ventriculaire gauche.	- si la fonction ventriculaire gauche est normale. Surveillance clinique et ECG.		Troubles de l'automatisme (bradycardie excessive, arret sinusal), troubles de la conduction sino-auriculaire et auriculo-ventriculaire et defaillance cardiaque.
DIURETIQUES EPARGNEURS DE POTASSIUM (SEULS OU ASSOCIES)	POTASSIUM	CI - ASDEC Contre-indication : - en dehors d'une hypokaliemie ou en cas d'utilisation parenterale des sels de potassium. Association deconseillee : - en cas d'hypokaliemie ou d'utilisation parenterale des sels de potassium. Hyperkaliemie potentiellement letale, notamment chez l'insuffisant renal (addition des effets hyperkaliemiants).	(amiloride, canrenoate de potassium, eplerenone, spironolactone, triamterene)	- en dehors d'une hypokaliemie ou en cas d'utilisation parenterale des sels de potassium.	- en cas d'hypokaliemie ou d'utilisation parenterale des sels de potassium.			Hyperkaliemie potentiellement letale, notamment chez l'insuffisant renal (addition des effets hyperkaliemiants).
DOLUTEGRAVIR	INDUCTEURS ENZYMATIQUES	ASDEC - PE Association deconseillee : - en cas de resistance a la classe des inhibiteurs d'integrase Precaution d'emploi : - en l'absence de resistance a la classe des inhibiteurs d'integrase Adaptation de la posologie de dolutegravir a 50 mg 2 fois par jour pendant l'association et une semaine apres son arret. Diminution des concentrations plasmatiques de dolutegravir par augmentation de son metabolisme par l'inducteur.	Voir aussi : substances a absorption reduite par les topiques gastro-intestinaux, antiacides et adsorbants		- en cas de resistance a la classe des inhibiteurs d'integrase	- en l'absence de resistance a la classe des inhibiteurs d'integrase Adaptation de la posologie de dolutegravir a 50 mg 2 fois par jour pendant l'association et une semaine apres son arret.		Diminution des concentrations plasmatiques de dolutegravir par augmentation de son metabolisme par l'inducteur.
ERYTHROMYCINE	MIDAZOLAM	ASDEC - PE Association deconseillee: - avec le midazolam per os Precaution d'emploi avec : - avec le midazolam IV. Surveillance clinique et reduction de la posologie de midazolam en cas de traitement par l'erythromycine. Augmentation des concentrations plasmatiques de midazolam par diminution de son metabolisme hepatique, avec majoration de la sedation.	Voir aussi : inhibiteurs puissants du CYP3A4 - macrolides (sauf spiramycine) - medicaments susceptibles de donner des torsades de pointes - torsadogenes (sauf antiparasitaires, neuroleptiques, methadone)		- avec le midazolam per os	- avec le midazolam IV. Surveillance clinique et reduction de la posologie de midazolam en cas de traitement par l'erythromycine.		Augmentation des concentrations plasmatiques de midazolam par diminution de son metabolisme hepatique, avec majoration de la sedation.
ESMOLOL	VERAPAMIL	ASDEC - PE Association deconseillee : - en cas d'alteration de la fonction ventriculaire gauche. Precaution d'emploi : - si la fonction ventriculaire gauche est normale. Surveillance clinique et ECG. Troubles de l'automatisme (bradycardie excessive, arret sinusal), troubles de la conduction sino-auriculaire et auriculo-ventriculaire et defaillance cardiaque.	Voir aussi : bradycardisants		- en cas d'alteration de la fonction ventriculaire gauche.	- si la fonction ventriculaire gauche est normale. Surveillance clinique et ECG.		Troubles de l'automatisme (bradycardie excessive, arret sinusal), troubles de la conduction sino-auriculaire et auriculo-ventriculaire et defaillance cardiaque.
ESTROPROGESTATIFS CONTRACEPTIFS	LAMOTRIGINE	ASDEC - PE Association deconseillee : - eviter de mettre en route une contraception orale pendant la periode d'ajustement posologique de la lamotrigine. Precaution d'emploi : - surveillance clinique et adaptation de la posologie de la lamotrigine lors de la mise en route d'une contraception orale et apres son arret. Risque de diminution des concentrations et de l'efficacite de la lamotrigine par augmentation de son metabolisme hepatique.	(dienogest, estradiol, ethinylestradiol)		- eviter de mettre en route une contraception orale pendant la periode d'ajustement posologique de la lamotrigine.	- surveillance clinique et adaptation de la posologie de la lamotrigine lors de la mise en route d'une contraception orale et apres son arret.		Risque de diminution des concentrations et de l'efficacite de la lamotrigine par augmentation de son metabolisme hepatique.
FIBRATES	INHIBITEURS DE L'HMG-COA REDUCTASE (STATINES)	CI - ASDEC Contre-indication : - pour des doses de rosuvastatine de 40 mg Association deconseillee : - avec les autres statines - avec la rosuvastatine < 40 mg - ne pas depasser 10 mg de simvastatine, sauf avec le fenofibrate. Risque d'addition d'effets indesirables (dose-dependants) a type de rhabdomyolyse. En outre, avec le gemfibrozil, diminution du metabolisme de la simvastatine et de la rosuvastatine, ce qui majore le risque musculaire, ainsi que la nephrotoxicite de la rosuvastatine.	(bezafibrate, ciprofibrate, clofibrate, fenofibrate, gemfibrozil)	- pour des doses de rosuvastatine de 40 mg	- avec les autres statines - avec la rosuvastatine < 40 mg - ne pas depasser 10 mg de simvastatine, sauf avec le fenofibrate.			Risque d'addition d'effets indesirables (dose-dependants) a type de rhabdomyolyse. En outre, avec le gemfibrozil, diminution du metabolisme de la simvastatine et de la rosuvastatine, ce qui majore le risque musculaire, ainsi que la nephrotoxicite de la rosuvastatine.
HYDROXYCHLOROQUINE	MEDICAMENTS SUSCEPTIBLES DE DONNER DES TORSADES DE POINTES	CI - ASDEC Contre-indication : - avec le citalopram, la domperidone, l'escitalopram, l'hydroxyzine et la piperaquine. Association deconseillee: - avec les autres medicaments susceptibles de donner des torsades de pointes. Risque majore de troubles du rythme ventriculaire, notamment de torsades de pointes.	Voir aussi : medicaments susceptibles de donner des torsades de pointes	- avec le citalopram, la domperidone, l'escitalopram, l'hydroxyzine et la piperaquine.	- avec les autres medicaments susceptibles de donner des torsades de pointes.			Risque majore de troubles du rythme ventriculaire, notamment de torsades de pointes.
IMMUNOSUPPRESSEURS	VORICONAZOLE	ASDEC - PE Association deconseillee - avec l'everolimus, le sirolimus, et le temsirolimus. Precaution d'emploi - avec la ciclosporine et le tacrolimus : dosage des concentrations sanguines de l'immunosuppresseur, controle de la fonction renale et adaptation de la posologie pendant l'association et apres son arret. Augmentation des concentrations sanguines de l'immunosuppresseur par inhibition de son metabolisme hepatique par le voriconazole.	(ciclosporine, everolimus, sirolimus, tacrolimus, temsirolimus)		- avec l'everolimus, le sirolimus, et le temsirolimus.	- avec la ciclosporine et le tacrolimus : dosage des concentrations sanguines de l'immunosuppresseur, controle de la fonction renale et adaptation de la posologie pendant l'association et apres son arret.		Augmentation des concentrations sanguines de l'immunosuppresseur par inhibition de son metabolisme hepatique par le voriconazole.
INHIBITEURS DE LA PHOSPHODIESTERASE DE TYPE 5	INHIBITEURS PUISSANTS DU CYP3A4	CI - ASDEC - PE Pour connaitre les risques et les niveaux de contrainte de chaque IPDE5 avec les inhibiteurs puissants du CYP3A4, il convient de se reporter aux AMM specifiques a chacun d'eux. Augmentation (tres importante pour l'avanafil et le vardenafil) des concentrations plasmatiques de l'IPDE5, avec risque d'hypotension (severe avec le vardenafil).	(avanafil, sildenafil, tadalafil, vardenafil)	Pour connaitre les risques et les niveaux de contrainte de chaque IPDE5 avec les inhibiteurs puissants du CYP3A4, il convient de se reporter aux AMM specifiques a chacun d'eux.	Pour connaitre les risques et les niveaux de contrainte de chaque IPDE5 avec les inhibiteurs puissants du CYP3A4, il convient de se reporter aux AMM specifiques a chacun d'eux.	Pour connaitre les risques et les niveaux de contrainte de chaque IPDE5 avec les inhibiteurs puissants du CYP3A4, il convient de se reporter aux AMM specifiques a chacun d'eux.		Augmentation (tres importante pour l'avanafil et le vardenafil) des concentrations plasmatiques de l'IPDE5, avec risque d'hypotension (severe avec le vardenafil).
INHIBITEURS DE L'ENZYME DE CONVERSION	RACECADOTRIL	CI - ASDEC Contre-indication: - en cas d'antecedents d'angio-oedeme sous IEC. Association deconseillee: - en l'absence d'antecedents d'angio-oedeme sous IEC. Risque de majoration des effets indesirables a type d'oedeme angio- neurotique (angio-oedeme).	(benazepril, captopril, cilazapril, enalapril, fosinopril, imidapril, lisinopril, moexipril, perindopril tert-butylamine, quinapril, ramipril, spirapril, trandolapril, zofenopril)	- en cas d'antecedents d'angio-oedeme sous IEC.	- en l'absence d'antecedents d'angio-oedeme sous IEC.			Risque de majoration des effets indesirables a type d'oedeme angio- neurotique (angio-oedeme).
INHIBITEURS DE PROTEASES BOOSTES PAR RITONAVIR	LAMOTRIGINE	ASDEC - PE Association deconseillee - Eviter de mettre en route le traitement par ritonavir pendant la periode d'ajustement posologique de la lamotrigine. Precaution d'emploi - Surveillance clinique et adaptation de la posologie de la lamotrigine lors de la mise en route du traitement par ritonavir. Risque de diminution des concentrations et de l'efficacite de la lamotrigine par augmentation de son metabolisme hepatique par le ritonavir.	Le ritonavir est desormais utilise a la dose de 100 mg 2 fois par jour en association a un autre inhibiteur de protease, dans le but d'augmenter de facon tres significative la biodisponibilite de l'inhibiteur de protease associe (ou booste), ce qui permet d'augmenter ainsi l'efficacite du traitement antiretroviral. Eu egard a ce schema therapeutique, chaque inhibiteur de protease acquiert de la sorte les proprietes d'inhibition puissante du CYP3A4 que possede le ritonavir, et ce, meme lorsque celui-ci est donne a doses 6 fois moindres que lors des premieres annees de son utilisation. En pratique, ceci revient donc a considerer tous les inhibiteurs de protease comme des inhibiteurs enzymatiques de puissance comparable. Par consequent, les interactions communes a cette classe decoulent, pour la plupart, de cette propriete.(amprenavir, atazanavir, darunavir, fosamprenavir, indinavir, lopinavir, ritonavir, saquinavir, tipranavir)		- Eviter de mettre en route le traitement par ritonavir pendant la periode d'ajustement posologique de la lamotrigine.	- Surveillance clinique et adaptation de la posologie de la lamotrigine lors de la mise en route du traitement par ritonavir.		Risque de diminution des concentrations et de l'efficacite de la lamotrigine par augmentation de son metabolisme hepatique par le ritonavir.
INHIBITEURS DE PROTEASES BOOSTES PAR RITONAVIR	MIDAZOLAM	ASDEC - PE Precaution d'emploi avec : - le midazolam IV Surveillance clinique et reduction de la posologie de midazolam en cas de traitement par l'inhibiteur de proteases. Association deconseillee avec : - le midazolam per os. Augmentation des concentrations plasmatiques de midazolam par diminution de son metabolisme hepatique, avec majoration de la sedation.	Le ritonavir est desormais utilise a la dose de 100 mg 2 fois par jour en association a un autre inhibiteur de protease, dans le but d'augmenter de facon tres significative la biodisponibilite de l'inhibiteur de protease associe (ou booste), ce qui permet d'augmenter ainsi l'efficacite du traitement antiretroviral. Eu egard a ce schema therapeutique, chaque inhibiteur de protease acquiert de la sorte les proprietes d'inhibition puissante du CYP3A4 que possede le ritonavir, et ce, meme lorsque celui-ci est donne a doses 6 fois moindres que lors des premieres annees de son utilisation. En pratique, ceci revient donc a considerer tous les inhibiteurs de protease comme des inhibiteurs enzymatiques de puissance comparable. Par consequent, les interactions communes a cette classe decoulent, pour la plupart, de cette propriete.(amprenavir, atazanavir, darunavir, fosamprenavir, indinavir, lopinavir, ritonavir, saquinavir, tipranavir)		avec : - le midazolam IV Surveillance clinique et reduction de la posologie de midazolam en cas de traitement par l'inhibiteur de proteases.	avec : - le midazolam per os.		Augmentation des concentrations plasmatiques de midazolam par diminution de son metabolisme hepatique, avec majoration de la sedation.
INHIBITEURS DES TYROSINE KINASES METABOLISES	INHIBITEURS PUISSANTS DU CYP3A4	ASDEC - PE Association deconseillee : - avec l'axitinib, le bosutinib, le ceritinib, le dabrafenib, le dasatinib, le nilotinib, le sunitinib - avec l'ibrutinib, si l'association ne peut etre evitee, adaptation de la posologie d'ibrutinib ou interruption temporaire (environ 7 jours). Precaution d'emploi avec les autres ITK (sauf vandetanib): Surveillance clinique. Risque de majoration des effets indesirables de l'inhibiteur de tyrosine kinase par diminution de son metabolisme.	(axitinib, bosutinib, cabozantinib, ceritinib, crizotinib, dabrafenib, dasatinib, erlotinib, gefitinib, ibrutinib, imatinib, lapatinib, nilotinib, pazopanib, ponatinib, ruxolitinib, sorafenib, sunitinib, vandetanib)		- avec l'axitinib, le bosutinib, le ceritinib, le dabrafenib, le dasatinib, le nilotinib, le sunitinib - avec l'ibrutinib, si l'association ne peut etre evitee, adaptation de la posologie d'ibrutinib ou interruption temporaire (environ 7 jours).	avec les autres ITK (sauf vandetanib): Surveillance clinique.		Risque de majoration des effets indesirables de l'inhibiteur de tyrosine kinase par diminution de son metabolisme.
INHIBITEURS PUISSANTS DU CYP3A4	ISAVUCONAZOLE	CI - PE Contre-indication: - avec le ketoconazole Precaution d'emploi: - avec les autres inhibiteurs puissants du CYP3A4 Augmentation des concentrations plasmatiques d'isavuconazole par diminution de son metabolisme hepatique par l'inhibiteur.	Certains medicaments possedent la capacite d'inhiber fortement le CYP3A4, une enzyme qui intervient dans le metabolisme de nombreux medicaments. Lorsque l'activite de cette enzyme est inhibee, elle n'est plus en mesure de metaboliser le medicament qui va alors s'accumuler. Si la marge therapeutique de ce medicament est etroite et qu'il n'y a pas d'autre voie metabolique efficace, le risque d'observer une interaction cliniquement significative devient eleve.Les principaux inhibiteurs du CYP3A4 sont :- les azoles antifongiques (ketoconazole, itraconazole, voriconazole, posaconazole),- les inhibiteurs de protease, representes ici par le ritonavir, avec lequel ils sont boostes,- certains macrolides (la clarithromycine, l'erythromycine, la telithromycine).Parmi les substrats du CYP3A4 a marge therapeutique etroite et pour lesquels un risque de surdosage est plus particulierement a redouter en cas d'association avec un inhibiteur du CYP3A4, on peut citer :- l'ergotamine, alcaloide vasocontricteur de l'ergot de seigle : risque de necrose des extremites 	- les immunosuppresseurs (ciclosporine, tacrolimus...) : risque nephrotoxique 	- certaines statines (simvastatine, et dans une moindre mesure, atorvastatine) : risque musculaire, notamment rhabdomyolyse 	- certains medicaments donnant des torsades de pointes : pimozide, halofantrine, lumefantrine 	- des medicaments depresseurs du centre respiratoire : alfentanil, sufentanil, oxycodone, midazolam 	- certains cytotoxiques : bortezomib, docetaxel, inhibiteurs des tyrosine kinases.Pour connaitre les risques et les niveaux de contrainte de chacun de ces substrats, il convient de se reporter aux interactions specifiques avec chaque inhibiteur.(boceprevir, clarithromycine, cobicistat, erythromycine, itraconazole, ketoconazole, posaconazole, ritonavir, telaprevir, telithromycine, voriconazole)
INHIBITEURS PUISSANTS DU CYP3A4	QUININE	ASDEC - PE Association deconseillee : - avec les inhibiteurs de proteases Precaution d'emploi : - avec les azoles antifongiques et certains macrolides. Surveillance clinique et ECG. Adaptation eventuelle de la posologie de la quinine pendant le traitement par l'inhibiteur enzymatique et apres son arret. Risque de majoration des effets indesirables de la quinine, notamment troubles du rythme ventriculaire et troubles neurosensoriels (cinchonisme).	Certains medicaments possedent la capacite d'inhiber fortement le CYP3A4, une enzyme qui intervient dans le metabolisme de nombreux medicaments. Lorsque l'activite de cette enzyme est inhibee, elle n'est plus en mesure de metaboliser le medicament qui va alors s'accumuler. Si la marge therapeutique de ce medicament est etroite et qu'il n'y a pas d'autre voie metabolique efficace, le risque d'observer une interaction cliniquement significative devient eleve.Les principaux inhibiteurs du CYP3A4 sont :- les azoles antifongiques (ketoconazole, itraconazole, voriconazole, posaconazole),- les inhibiteurs de protease, representes ici par le ritonavir, avec lequel ils sont boostes,- certains macrolides (la clarithromycine, l'erythromycine, la telithromycine).Parmi les substrats du CYP3A4 a marge therapeutique etroite et pour lesquels un risque de surdosage est plus particulierement a redouter en cas d'association avec un inhibiteur du CYP3A4, on peut citer :- l'ergotamine, alcaloide vasocontricteur de l'ergot de seigle : risque de necrose des extremites 	- les immunosuppresseurs (ciclosporine, tacrolimus...) : risque nephrotoxique 	- certaines statines (simvastatine, et dans une moindre mesure, atorvastatine) : risque musculaire, notamment rhabdomyolyse 	- certains medicaments donnant des torsades de pointes : pimozide, halofantrine, lumefantrine 	- des medicaments depresseurs du centre respiratoire : alfentanil, sufentanil, oxycodone, midazolam 	- certains cytotoxiques : bortezomib, docetaxel, inhibiteurs des tyrosine kinases.Pour connaitre les risques et les niveaux de contrainte de chacun de ces substrats, il convient de se reporter aux interactions specifiques avec chaque inhibiteur.(boceprevir, clarithromycine, cobicistat, erythromycine, itraconazole, ketoconazole, posaconazole, ritonavir, telaprevir, telithromycine, voriconazole)
MEDICAMENTS SEDATIFS	MEDICAMENTS SEDATIFS	ASDEC - APEC Association deconseillee: - avec l'oxybate de sodium. A prendre en compte: - avec les autres medicaments sedatifs. Majoration de la depression centrale. L'alteration de la vigilance peut rendre dangereuses la conduite de vehicules et l'utilisation de machines.	Il faut prendre en compte le fait que de nombreux medicaments ou substances peuvent additionner leurs effets depresseurs du systeme nerveux central et contribuer a diminuer la vigilance. Il s'agit des derives morphiniques (analgesiques, antitussifs et traitements de substitution), des neuroleptiques, des barbituriques, des benzodiazepines, des anxiolytiques autres que les benzodiazepines (par exemple, le meprobamate), des hypnotiques, des antidepresseurs sedatifs (amitriptyline, doxepine, mianserine, mirtazapine, trimipramine), des antihistaminiques H1 sedatifs, des antihypertenseurs centraux, du baclofene et du thalidomide.( sodium (oxybate de), acepromazine, aceprometazine, agomelatine, alfentanil, alimemazine, alizapride, allobarbital, alprazolam, amantadine, amisulpride, amitriptyline, amobarbital, apomorphine, aripiprazole, avizafone, azatadine, azelastine, baclofene, barbital, bromazepam, bromocriptine, brompheniramine, brotizolam, buclizine, buprenorphine, butalbital, butobarbital, cabergoline, camazepam, captodiame, carbinoxamine, chlordiazepoxide, chlorphenamine, chlorphenoxamine, chlorproethazine, chlorpromazine, clobazam, clocinizine, clonazepam, clonidine, clorazepate, clotiazepam, cloxazolam, clozapine, codeine, cyamemazine, cyclizine, cyclobarbital, cyproheptadine, dapoxetine, delorazepam, dexchlorpheniramine, dexmedetomidine, dextromethorphane, dextromoramide, di(acefylline) diphenhydramine, diazepam, dihydrocodeine, dimenhydrinate, diphenhydramine, doxepine, doxylamine, droperidol, entacapone, estazolam, ethylmorphine, etifoxine, fenspiride, fentanyl, fluanisone, fludiazepam, flunarizine, flunitrazepam, flupentixol, fluphenazine, flurazepam, halazepam, haloperidol, haloxazolam, histapyrrodine, hydromorphone, hydroxyzine, indoramine, isothipendyl, ketazolam, ketotifene, levomepromazine, lisuride, loflazepate, loprazolam, lorazepam, lormetazepam, loxapine, maprotiline, meclozine, medazepam, mefenidramium, meprobamate, mepyramine, mequitazine, methadone, methyldopa, methylphenobarbital, metoclopramide, metopimazine, mianserine, midazolam, mirtazapine, mizolastine, morphine, moxonidine, nalbuphine, naloxone, naltrexone, nefopam, niaprazine, nimetazepam, nitrazepam, nordazepam, noscapine, olanzapine, oxatomide, oxazepam, oxazolam, oxetorone, oxomemazine, oxycodone, paliperidone, penfluridol, pentazocine, pentobarbital, perampanel, pergolide, perphenazine, pethidine, pheniramine, phenobarbital, phenyltoloxamine, pholcodine, pimethixene, pimozide, pinazepam, pipamperone, piperazine, pipotiazine, piribedil, pizotifene, pramipexole, prazepam, pregabaline, primidone, prochlorperazine, promethazine, propericiazine, quinagolide, rasagiline, remifentanil, rilmenidine, risperidone, ropinirole, rotigotine, rupatadine, secbutabarbital, selegiline, sufentanil, sulpiride, sultopride, tapentadol, temazepam, tetrabenazine, tetrazepam, thalidomide, thenyldiamine, thiopental, thioproperazine, tiapride, tolcapone, tramadol, trifluoperazine, trifluperidol, trimipramine, triprolidine, vinylbital, ziconotide, zolpidem, zopiclone, zuclopenthixol)		- avec l'oxybate de sodium.		- avec les autres medicaments sedatifs.	Majoration de la depression centrale. L'alteration de la vigilance peut rendre dangereuses la conduite de vehicules et l'utilisation de machines.
MEDICAMENTS SUSCEPTIBLES DE DONNER DES TORSADES DE POINTES	METHADONE	CI - ASDEC Contre-indication : - avec le citalopram, la domperidone, l'escitalopram, l'hydroxyzine et la piperaquine. Association deconseillee: - avec les autres medicaments susceptibles de donner des torsades de pointes. Risque majore de troubles du rythme ventriculaire, notamment de torsades de pointes.	Ce trouble du rythme cardiaque grave peut etre provoque par un certain nombre de medicaments, antiarythmiques ou non. L'hypokaliemie (cf. medicaments hypokaliemiants) est un facteur favorisant, de meme que la bradycardie (cf. medicaments bradycardisants) ou un allongement preexistant de l'intervalle QT, congenital ou acquis.Les medicaments a l'origine de cet effet indesirable sont notamment les antiarythmiques de classe Ia et III, et certains neuroleptiques. D'autres molecules n'appartenant pas a ces classes sont egalement en cause.Pour le dolasetron, l'erythromycine, la spiramycine et la vincamine, seules les formes administrees par voie intraveineuse sont concernees par cette interaction.L'utilisation d'un medicament torsadogene avec un autre medicament torsadogene est contre-indiquee en regle generale.Toutefois certains d'entre eux, en raison de leur caractere incontournable, font exception a la regle, en etant seulement deconseilles avec les autres torsadogenes. Il s'agit de la methadone, de l'hydroxychloroquine, des antiparasitaires (chloroquine, halofantrine, lumefantrine, pentamidine) et des neuroleptiques.Cependant, le citalopram, l'escitalopram, la domperidone, l'hydroxyzine et la piperaquine ne suivent pas cet assouplissement, et sont contre-indiques avec tous les torsadogenes.(amiodarone, amisulpride, arsenieux, chloroquine, chlorpromazine, citalopram, cyamemazine, diphemanil, disopyramide, dolasetron, domperidone, dronedarone, droperidol, erythromycine, escitalopram, flupentixol, fluphenazine, halofantrine, haloperidol, hydroquinidine, hydroxychloroquine, hydroxyzine, levomepromazine, lumefantrine, mequitazine, methadone, mizolastine, moxifloxacine, pentamidine, pimozide, pipamperone, piperaquine, pipotiazine, prucalopride, quinidine, sotalol, spiramycine, sulpiride, sultopride, tiapride, toremifene, vandetanib, vincamine, zuclopenthixol)	- avec le citalopram, la domperidone, l'escitalopram, l'hydroxyzine et la piperaquine.	- avec les autres medicaments susceptibles de donner des torsades de pointes.			Risque majore de troubles du rythme ventriculaire, notamment de torsades de pointes.
MEDICAMENTS SUSCEPTIBLES DE DONNER DES TORSADES DE POINTES	NEUROLEPTIQUES SUSCEPTIBLES DE DONNER DES TORSADES DE POINTES	CI - ASDEC Contre-indication : - avec le citalopram, la domperidone, l'escitalopram, l'hydroxyzine et la piperaquine. Association deconseillee: - avec les autres medicaments susceptibles de donner des torsades de pointes. Risque majore de troubles du rythme ventriculaire, notamment de torsades de pointes.	Ce trouble du rythme cardiaque grave peut etre provoque par un certain nombre de medicaments, antiarythmiques ou non. L'hypokaliemie (cf. medicaments hypokaliemiants) est un facteur favorisant, de meme que la bradycardie (cf. medicaments bradycardisants) ou un allongement preexistant de l'intervalle QT, congenital ou acquis.Les medicaments a l'origine de cet effet indesirable sont notamment les antiarythmiques de classe Ia et III, et certains neuroleptiques. D'autres molecules n'appartenant pas a ces classes sont egalement en cause.Pour le dolasetron, l'erythromycine, la spiramycine et la vincamine, seules les formes administrees par voie intraveineuse sont concernees par cette interaction.L'utilisation d'un medicament torsadogene avec un autre medicament torsadogene est contre-indiquee en regle generale.Toutefois certains d'entre eux, en raison de leur caractere incontournable, font exception a la regle, en etant seulement deconseilles avec les autres torsadogenes. Il s'agit de la methadone, de l'hydroxychloroquine, des antiparasitaires (chloroquine, halofantrine, lumefantrine, pentamidine) et des neuroleptiques.Cependant, le citalopram, l'escitalopram, la domperidone, l'hydroxyzine et la piperaquine ne suivent pas cet assouplissement, et sont contre-indiques avec tous les torsadogenes.(amiodarone, amisulpride, arsenieux, chloroquine, chlorpromazine, citalopram, cyamemazine, diphemanil, disopyramide, dolasetron, domperidone, dronedarone, droperidol, erythromycine, escitalopram, flupentixol, fluphenazine, halofantrine, haloperidol, hydroquinidine, hydroxychloroquine, hydroxyzine, levomepromazine, lumefantrine, mequitazine, methadone, mizolastine, moxifloxacine, pentamidine, pimozide, pipamperone, piperaquine, pipotiazine, prucalopride, quinidine, sotalol, spiramycine, sulpiride, sultopride, tiapride, toremifene, vandetanib, vincamine, zuclopenthixol)	- avec le citalopram, la domperidone, l'escitalopram, l'hydroxyzine et la piperaquine.	- avec les autres medicaments susceptibles de donner des torsades de pointes.			Risque majore de troubles du rythme ventriculaire, notamment de torsades de pointes.
MEDICAMENTS SUSCEPTIBLES DE DONNER DES TORSADES DE POINTES	TORSADOGENES (SAUF ANTIPARASITAIRES, NEUROLEPTIQUES, METHADONE)	CI - ASDEC Contre-indication: - Pour le dolasetron, l'erythromycine, la spiramycine et la vincamine, seules les formes administrees par voie intraveineuse sont concernees par cette interaction. Association deconseillee: - avec les antiparasitaires (chloroquine, halofantrine, lumefantrine, pentamidine), les neuroleptiques, la methadone et l'hydroxychloroquine. Risque majore de troubles du rythme ventriculaire, notamment de torsades de pointes.	Ce trouble du rythme cardiaque grave peut etre provoque par un certain nombre de medicaments, antiarythmiques ou non. L'hypokaliemie (cf. medicaments hypokaliemiants) est un facteur favorisant, de meme que la bradycardie (cf. medicaments bradycardisants) ou un allongement preexistant de l'intervalle QT, congenital ou acquis.Les medicaments a l'origine de cet effet indesirable sont notamment les antiarythmiques de classe Ia et III, et certains neuroleptiques. D'autres molecules n'appartenant pas a ces classes sont egalement en cause.Pour le dolasetron, l'erythromycine, la spiramycine et la vincamine, seules les formes administrees par voie intraveineuse sont concernees par cette interaction.L'utilisation d'un medicament torsadogene avec un autre medicament torsadogene est contre-indiquee en regle generale.Toutefois certains d'entre eux, en raison de leur caractere incontournable, font exception a la regle, en etant seulement deconseilles avec les autres torsadogenes. Il s'agit de la methadone, de l'hydroxychloroquine, des antiparasitaires (chloroquine, halofantrine, lumefantrine, pentamidine) et des neuroleptiques.Cependant, le citalopram, l'escitalopram, la domperidone, l'hydroxyzine et la piperaquine ne suivent pas cet assouplissement, et sont contre-indiques avec tous les torsadogenes.(amiodarone, amisulpride, arsenieux, chloroquine, chlorpromazine, citalopram, cyamemazine, diphemanil, disopyramide, dolasetron, domperidone, dronedarone, droperidol, erythromycine, escitalopram, flupentixol, fluphenazine, halofantrine, haloperidol, hydroquinidine, hydroxychloroquine, hydroxyzine, levomepromazine, lumefantrine, mequitazine, methadone, mizolastine, moxifloxacine, pentamidine, pimozide, pipamperone, piperaquine, pipotiazine, prucalopride, quinidine, sotalol, spiramycine, sulpiride, sultopride, tiapride, toremifene, vandetanib, vincamine, zuclopenthixol)	- Pour le dolasetron, l'erythromycine, la spiramycine et la vincamine, seules les formes administrees par voie intraveineuse sont concernees par cette interaction.	- avec les antiparasitaires (chloroquine, halofantrine, lumefantrine, pentamidine), les neuroleptiques, la methadone et l'hydroxychloroquine.			Risque majore de troubles du rythme ventriculaire, notamment de torsades de pointes.
MIDAZOLAM	TELAPREVIR	CI - PE Contre-indication avec : - le midazolam per os. Precaution d'emploi avec : - le midazolam IV Surveillance clinique et reduction de la posologie de midazolam en cas de traitement par le telaprevir. Augmentation des concentrations plasmatiques de midazolam par diminution de son metabolisme hepatique, avec majoration de la sedation.	Voir aussi : benzodiazepines et apparentes - medicaments sedatifs - substrats a risque du CYP3A4	avec : - le midazolam per os.		avec : - le midazolam IV Surveillance clinique et reduction de la posologie de midazolam en cas de traitement par le telaprevir.		Augmentation des concentrations plasmatiques de midazolam par diminution de son metabolisme hepatique, avec majoration de la sedation.
